hcat4_code,hcat4_name,link,eagle_code,eagle_name,eagle_seasonality_code,eagle_seasonality_name
3310000000,arable_crops,=,LCH-5_1_6_1,Arable Crops,,
3310100000,cereal,=,LCH-5_1_6_1_1,Cereals,,
3310101000,common_soft_wheat,<,LCH-5_1_6_1_1_1,Common Wheat and Spelt,,
3310101001,winter_common_soft_wheat,<,LCH-5_1_6_1_1_1,Common Wheat and Spelt,LCH-5_1_8_3,Winter Crop Season
3310101002,spring_common_soft_wheat,<,LCH-5_1_6_1_1_1,Common Wheat and Spelt,LCH-5_1_8_2,Summer Crop Season
3310101008,unspecified_season_common_soft_wheat,<,LCH-5_1_6_1_1_1,Common Wheat and Spelt,,
3310102000,durum_hard_wheat,=,LCH-5_1_6_1_1_2,Durum Wheat,,
3310102001,winter_durum_hard_wheat,=,LCH-5_1_6_1_1_2,Durum Wheat,LCH-5_1_8_3,Winter Crop Season
3310102002,spring_durum_hard_wheat,=,LCH-5_1_6_1_1_2,Durum Wheat,LCH-5_1_8_2,Summer Crop Season
3310102008,unspecified_season_durum_hard_wheat,~,LCH-5_1_6_1_1_2,Durum Wheat,,
3310103000,rye,=,LCH-5_1_6_1_1_3,Rye,,
3310103001,winter_rye,=,LCH-5_1_6_1_1_3,Rye,LCH-5_1_8_3,Winter Crop Season
3310103002,spring_rye,=,LCH-5_1_6_1_1_3,Rye,LCH-5_1_8_2,Summer Crop Season
3310103008,unspecified_season_rye,~,LCH-5_1_6_1_1_3,Rye,,
3310104000,barley,=,LCH-5_1_6_1_1_4,Barley,,
3310104001,winter_barley,=,LCH-5_1_6_1_1_4,Barley,LCH-5_1_8_3,Winter Crop Season
3310104002,spring_barley,=,LCH-5_1_6_1_1_4,Barley,LCH-5_1_8_2,Summer Crop Season
3310104008,unspecified_season_barley,,LCH-5_1_6_1_1_4,Barley,,
3310105000,oats,=,LCH-5_1_6_1_1_5,Oats,,
3310105001,winter_oats,=,LCH-5_1_6_1_1_5,Oats,LCH-5_1_8_3,Winter Crop Season
3310105002,spring_oats,=,LCH-5_1_6_1_1_5,Oats,LCH-5_1_8_2,Summer Crop Season
3310105008,unspecified_season_oats,,LCH-5_1_6_1_1_5,Oats,,
3310106000,maize_corn_popcorn,=,LCH-5_1_6_1_1_6,Maize,,
3310107000,rice,=,LCH-5_1_6_1_1_7,Rice,,
3310108000,triticale,<,LCH-5_1_6_1_1_9,Other Cereals,,
3310108001,winter_triticale,<,LCH-5_1_6_1_1_9,Other Cereals,LCH-5_1_8_3,Winter Crop Season
3310108002,spring_triticale,<,LCH-5_1_6_1_1_9,Other Cereals,LCH-5_1_8_2,Summer Crop Season
3310108008,unspecified_season_triticale,<,LCH-5_1_6_1_1_9,Other Cereals,,
3310109000,millet,=,LCH-5_1_6_1_1_8,Millet,,
3310110000,spelt,<,LCH-5_1_6_1_1_1,Common Wheat and Spelt,,
3310110001,winter_spelt,<,LCH-5_1_6_1_1_1,Common Wheat and Spelt,LCH-5_1_8_3,Winter Crop Season
3310110002,spring_spelt,<,LCH-5_1_6_1_1_1,Common Wheat and Spelt,LCH-5_1_8_2,Summer Crop Season
3310110008,unspecified_season_spelt,<,LCH-5_1_6_1_1_1,Common Wheat and Spelt,,
3310111000,mixed_grains,~,LCH-5_1_6_1_1_9,Other Cereals,,
3310111001,winter_mixed_grains,~,LCH-5_1_6_1_1_9,Other Cereals,LCH-5_1_8_3,Winter Crop Season
3310111002,spring_mixed_grains,~,LCH-5_1_6_1_1_9,Other Cereals,LCH-5_1_8_2,Summer Crop Season
3310111008,unspecified_season_mixed_grains,,LCH-5_1_6_1_1_9,Other Cereals,,
3310112000,emmer,<,LCH-5_1_6_1_1_9,Other Cereals,,
3310112001,winter_emmer,<,LCH-5_1_6_1_1_9,Other Cereals,LCH-5_1_8_3,Winter Crop Season
3310112002,spring_emmer,<,LCH-5_1_6_1_1_9,Other Cereals,LCH-5_1_8_2,Summer Crop Season
3310112008,unspecified_season_emmer,<,LCH-5_1_6_1_1_9,Other Cereals,,
3310113000,einkorn,<,LCH-5_1_6_1_1_9,Other Cereals,,
3310113001,winter_einkorn,<,LCH-5_1_6_1_1_9,Other Cereals,LCH-5_1_8_3,Winter Crop Season
3310113002,spring_einkorn,<,LCH-5_1_6_1_1_9,Other Cereals,LCH-5_1_8_2,Summer Crop Season
3310113008,unspecified_season_einkorn,<,LCH-5_1_6_1_1_9,Other Cereals,,
3310115000,teff,<,LCH-5_1_6_1_1_9,Other Cereals,,
3310116000,sorghum,<,LCH-5_1_6_1_1_9,Other Cereals,,
3310199000,other_cereals,<,LCH-5_1_6_1_1_9,Other Cereals,,
3310199001,winter_other_cereals,<,LCH-5_1_6_1_1_9,Other Cereals,LCH-5_1_8_3,Winter Crop Season
3310199002,spring_other_cereals,<,LCH-5_1_6_1_1_9,Other Cereals,LCH-5_1_8_2,Summer Crop Season
3310199008,unspecified_season_other_cereals,<,LCH-5_1_6_1_1_9,Other Cereals,,
3310200000,legumes,>,LCH-5_1_6_1_2,Pulses and Protein Crops,,
3310201000,beans,=,LCH-5_1_6_1_2_2,Beans,,
3310202000,peanuts,=,LCH-5_1_6_1_2_7,Peanuts,,
3310203000,soy_soybeans,=,LCH-5_1_6_1_2_5,Soya,,
3310204000,chickpeas,=,LCH-5_1_6_1_2_6,Chickpeas,,
3310214000,fenugreek,<,LCH-5_1_6_1_2_8,Other Dry Pulses,,
3310205000,lentils,=,LCH-5_1_6_1_2_3,Lentils,,
3310206000,peas,=,LCH-5_1_6_1_2_1,Peas,,
3310207000,lupins,>,LCH-5_1_6_1_2_4,Sweet Lupins,,
3310208000,alfalfa_lucerne,<,LCH-5_1_6_1_3,"                    Clover,Vetch,Lupins,Lucerne",,
3310209000,serradella,~<,LCH-5_1_6_1_2_8,Other Dry Pulses,,
3310210000,clover,<,LCH-5_1_6_1_3,"                    Clover,Vetch,Lupins,Lucerne",,
3310211000,melilot,~<,LCH-5_1_6_1_2_8,Other Dry Pulses,,
3310212000,vetches,<,LCH-5_1_6_1_3,"                    Clover,Vetch,Lupins,Lucerne",,
3310213000,onobrychis_sainfoins,~<,LCH-5_1_6_1_2_8,Other Dry Pulses,,
3310215000,galega,~<,LCH-5_1_6_1_2_8,Other Dry Pulses,,
3310216000,birdsfoot_treifoil,~<,LCH-5_1_6_1_2_8,Other Dry Pulses,,
3310299000,other_legumes,~,LCH-5_1_6_1_2_8,Other Dry Pulses,,
3310600000,industrial_nonfood_crops,>,LCH-5_1_6_1_10,Oilseed or Fibre Crops,,
3310601000,tobacco,=,LCH-5_1_6_1_10_1,Tobacco,,
3310602000,hops,=,LCH-5_1_6_1_10_2,Hops,,
3310603000,cotton,=,LCH-5_1_6_1_10_6,Cotton,,
3310604000,oilseed_crops,<,LCH-5_1_6_1_10,Oilseed or Fibre Crops,,
3310604010,rapeseed_rape,=,LCH-5_1_6_1_10_3,Rape and Turnip Rape,,
3310604011,winter_rapeseed_rape,=,LCH-5_1_6_1_10_3,Rape and Turnip Rape,LCH-5_1_8_3,Winter Crop Season
3310604012,spring_rapeseed_rape,=,LCH-5_1_6_1_10_3,Rape and Turnip Rape,LCH-5_1_8_2,Summer Crop Season
3310604013,summer_rapeseed_rape,=,LCH-5_1_6_1_10_3,Rape and Turnip Rape,LCH-5_1_8_2,Summer Crop Season
3310604018,unspecified_season_rapeseed_rape,~,LCH-5_1_6_1_10_3,Rape and Turnip Rape,,
3310604020,sunflower,=,LCH-5_1_6_1_10_4,Sunflower,,
3310604030,guizotia_abyssinica_nyger,<,LCH-5_1_6_1_10_9,Other Oilseed or Fibre Crops,,
3310604990,other_oilseed_crops,<,LCH-5_1_6_1_10_9,Other Oilseed or Fibre Crops,,
3310606000,poppy,<,LCH-5_1_6_1_10_9,Other Oilseed or Fibre Crops,,
3310606001,winter_poppy,<,LCH-5_1_6_1_10_9,Other Oilseed or Fibre Crops,LCH-5_1_8_3,Winter Crop Season
3310606002,summer_poppy,<,LCH-5_1_6_1_10_9,Other Oilseed or Fibre Crops,LCH-5_1_8_2,Summer Crop Season
3310607000,flax_linseed,=,LCH-5_1_6_1_10_7,Flax,LCH-5_1_6_1_10_5,"                        Linseed,Oil Flax"
3310610000,hemp_cannabis,=,LCH-5_1_6_1_10_8,Hemp,,
3310610010,finola,=,LCH-5_1_6_1_10_8,Hemp,,
3310611000,fibre_crops,<,LCH-5_1_6_1_10,Oilseed or Fibre Crops,,
3310612000,aromatic_medicinal_culinary_plants_spices_herbs,=,LCH-5_1_6_1_11,"                    Aromatic,Medicinal,Culinary Herbs",,
3310612010,actaea_baneberry_christopher_herbs,<,LCH-5_1_6_1_11,"                    Aromatic,Medicinal,Culinary Herbs",,
3310612020,alchemilla_ladys_mantle,<,LCH-5_1_6_1_11,"                    Aromatic,Medicinal,Culinary Herbs",,
3310612030,anethum_dill,<,LCH-5_1_6_1_11,"                    Aromatic,Medicinal,Culinary Herbs",,
3310612040,angelica,<,LCH-5_1_6_1_11,"                    Aromatic,Medicinal,Culinary Herbs",,
3310612050,anise_aniseed,<,LCH-5_1_6_1_11,"                    Aromatic,Medicinal,Culinary Herbs",,
3310612060,artemisia,<,LCH-5_1_6_1_11,"                    Aromatic,Medicinal,Culinary Herbs",,
3310612070,basil,<,LCH-5_1_6_1_11,"                    Aromatic,Medicinal,Culinary Herbs",,
3310612080,black_cumin,<,LCH-5_1_6_1_11,"                    Aromatic,Medicinal,Culinary Herbs",,
3310612090,borage,<,LCH-5_1_6_1_11,"                    Aromatic,Medicinal,Culinary Herbs",,
3310612100,calendula_marigold,<,LCH-5_1_6_1_11,"                    Aromatic,Medicinal,Culinary Herbs",,
3310612110,caraway,<,LCH-5_1_6_1_11,"                    Aromatic,Medicinal,Culinary Herbs",,
3310612120,catnip,<,LCH-5_1_6_1_11,"                    Aromatic,Medicinal,Culinary Herbs",,
3310612130,chamomile,<,LCH-5_1_6_1_11,"                    Aromatic,Medicinal,Culinary Herbs",,
3310612140,chervil,<,LCH-5_1_6_1_11,"                    Aromatic,Medicinal,Culinary Herbs",,
3310612150,coriander,<,LCH-5_1_6_1_11,"                    Aromatic,Medicinal,Culinary Herbs",,
3310612170,galium_bedstraw,<,LCH-5_1_6_1_11,"                    Aromatic,Medicinal,Culinary Herbs",,
3310612180,hibiscus,<,LCH-5_1_6_1_11,"                    Aromatic,Medicinal,Culinary Herbs",,
3310612190,lavender_lavandula,<,LCH-5_1_6_1_11,"                    Aromatic,Medicinal,Culinary Herbs",,
3310612200,lemon_balm_melissa,<,LCH-5_1_6_1_11,"                    Aromatic,Medicinal,Culinary Herbs",,
3310612210,lovage_maggiplant,<,LCH-5_1_6_1_11,"                    Aromatic,Medicinal,Culinary Herbs",,
3310612220,mints_peppermint,<,LCH-5_1_6_1_11,"                    Aromatic,Medicinal,Culinary Herbs",,
3310612230,moldavian_dragonhead,<,LCH-5_1_6_1_11,"                    Aromatic,Medicinal,Culinary Herbs",,
3310612240,nasturtiums,<,LCH-5_1_6_1_11,"                    Aromatic,Medicinal,Culinary Herbs",,
3310612250,nettles,<,LCH-5_1_6_1_11,"                    Aromatic,Medicinal,Culinary Herbs",,
3310612260,oregano,<,LCH-5_1_6_1_11,"                    Aromatic,Medicinal,Culinary Herbs",,
3310612270,parsley,<,LCH-5_1_6_1_11,"                    Aromatic,Medicinal,Culinary Herbs",,
3310612280,piper_pepper,<,LCH-5_1_6_1_11,"                    Aromatic,Medicinal,Culinary Herbs",,
3310612290,polygonum,<,LCH-5_1_6_1_11,"                    Aromatic,Medicinal,Culinary Herbs",,
3310612300,rosemary,<,LCH-5_1_6_1_11,"                    Aromatic,Medicinal,Culinary Herbs",,
3310612310,moonseed,<,LCH-5_1_6_1_11,"                    Aromatic,Medicinal,Culinary Herbs",,
3310612320,saffron_crocus_sativus,<,LCH-5_1_6_1_11,"                    Aromatic,Medicinal,Culinary Herbs",,
3310612330,silver_comb,<,LCH-5_1_6_1_11,"                    Aromatic,Medicinal,Culinary Herbs",,
3310612340,st_johns_wort,<,LCH-5_1_6_1_11,"                    Aromatic,Medicinal,Culinary Herbs",,
3310612350,sage_chia,<,LCH-5_1_6_1_11,"                    Aromatic,Medicinal,Culinary Herbs",,
3310612360,tarragon,<,LCH-5_1_6_1_11,"                    Aromatic,Medicinal,Culinary Herbs",,
3310612370,thyme,<,LCH-5_1_6_1_11,"                    Aromatic,Medicinal,Culinary Herbs",,
3310612380,valerian,<,LCH-5_1_6_1_11,"                    Aromatic,Medicinal,Culinary Herbs",,
3310612390,yarrow,<,LCH-5_1_6_1_11,"                    Aromatic,Medicinal,Culinary Herbs",,
3310612400,marian_thistles,<,LCH-5_1_6_1_11,"                    Aromatic,Medicinal,Culinary Herbs",,
3310612990,other_aromatic_medicinal_culinary_plants_spices_herbs,<,LCH-5_1_6_1_11,"                    Aromatic,Medicinal,Culinary Herbs",,
3310613000,rubia_tinctorum_common_madder,<,LCH-5_1_5_3,Industrial Crop,,
3310614000,isatis_tinctoria_woad,<,LCH-5_1_5_3,Industrial Crop,,
3310615000,camelina,<,LCH-5_1_6_1_10_9,Other Oilseed or Fibre Crops,,
3310617000,energy_crops,<,LCH-5_1_6_3_13,Herbaceous Biomass Crops,,
3310617010,igniscum_candy,<,LCH-5_1_6_3_13,Herbaceous Biomass Crops,,
3310617020,sida_virginia_mallow,<,LCH-5_1_6_3_13,Herbaceous Biomass Crops,,
3310617030,miscanthus_silvergrass,<,LCH-5_1_6_3_13,Herbaceous Biomass Crops,,
3310617990,other_energy_crops,<,LCH-5_1_6_3_13,Herbaceous Biomass Crops,,
3310699000,other_industrial_crops,<,LCH-5_1_5_3,Industrial Crop,,
3310700000,fresh_vegetables,>,LCH-5_1_6_1_7,"                    Leaf,Stalk,Flowering Vegetable Crops",,
3310701000,strawberries,=,LCH-5_1_6_1_13,Strawberries,,
3310702000,cucurbits,=,LCH-5_1_6_1_9,Cucurbit Crops,,
3310702010,cucumber_pickle,=,LCH-5_1_6_1_9_1,Cucumbers,,
3310702020,honeydew,<,LCH-5_1_6_1_9_3,Melons,,
3310702030,melon,=,LCH-5_1_6_1_9_3,Melons,,
3310702040,pumpkin_squash_gourd,>,LCH-5_1_6_1_9_4,Pumpkins,,
3310702050,watermelon,<,LCH-5_1_6_1_9,Cucurbit Crops,,
3310702060,zucchini_courgette,=,LCH-5_1_6_1_9_2,Zucchini,,
3310702990,other_cucurbits,~,LCH-5_1_6_1_9,Cucurbit Crops,,
3310703000,pseudocereal,<,LCH-5_1_6_1_1_9,Other Cereals,,
3310703010,amaranth,<,LCH-5_1_6_1_1_9,Other Cereals,,
3310703020,buckwheat,<,LCH-5_1_6_1_1_9,Other Cereals,,
3310703030,quinoa,<,LCH-5_1_6_1_1_9,Other Cereals,,
3310703990,other_pseudocereal,<,LCH-5_1_6_1_1_9,Other Cereals,,
3310704000,fennel,<,LCH-5_1_6_1_7,"                    Leaf,Stalk,Flowering Vegetable Crops",,
3310705000,topinambur_jerusalem_artichoke,<,LCH-5_1_6_1_4,Root And Tuber Crops,,
3310706000,asparagus,=,LCH-5_1_6_1_7_2,Asparagus,,
3310707000,brassicaceae_cruciferae,<,LCH-5_1_6_1_6,"                    Cole Crops,Brassica oleracea",,
3310707010,mustard,<,LCH-5_1_6_1_6,"                    Cole Crops,Brassica oleracea",,
3310707020,bok_choy_pak_choi,<,LCH-5_1_6_1_6,"                    Cole Crops,Brassica oleracea",,
3310707030,broccoli,=,LCH-5_1_6_1_6_5,Broccoli,,
3310707040,brussels_sprouts,=,LCH-5_1_6_1_6_2,Brussels Sprout,,
3310707050,cauliflower,=,LCH-5_1_6_1_6_4,Cauliflower,,
3310707060,chinese_cabbage,<,LCH-5_1_6_1_6,"                    Cole Crops,Brassica oleracea",,
3310707070,collard_greens,<,LCH-5_1_6_1_6,"                    Cole Crops,Brassica oleracea",,
3310707080,gai_lan,<,LCH-5_1_6_1_6,"                    Cole Crops,Brassica oleracea",,
3310707090,kale,<,LCH-5_1_6_1_6,"                    Cole Crops,Brassica oleracea",,
3310707100,kohlrabi,<,LCH-5_1_6_1_6_3,"                        Stem Cabbage,Kohlrabi",,
3310707110,red_cabbage,<,LCH-5_1_6_1_6_1,"                        White,Green,Red Cabbage",,
3310707120,savoy_cabbage,=,LCH-5_1_6_1_6_6,Savoy Cabbage,,
3310707130,white_cabbage,<,LCH-5_1_6_1_6_1,"                        White,Green,Red Cabbage",,
3310707990,other_brassicaceae_cruciferae,<,LCH-5_1_6_1_6,"                    Cole Crops,Brassica oleracea",,
3310708000,alliums,<,LCH-5_1_6_1_5,Bulb Vegetable Crops,,
3310708010,chives,<,LCH-5_1_6_1_11,"                    Aromatic,Medicinal,Culinary Herbs",,
3310708020,garlic,=,LCH-5_1_6_1_5_2,Garlic,,
3310708030,leek,=,LCH-5_1_6_1_5_3,Leeks,,
3310708040,onions,=,LCH-5_1_6_1_5_1,Onions,,
3310708050,scallion,<,LCH-5_1_6_1_5,Bulb Vegetable Crops,,
3310708060,shallot,<,LCH-5_1_6_1_5,Bulb Vegetable Crops,,
3310708990,other_alliums,~<,LCH-5_1_6_1_5,Bulb Vegetable Crops,,
3310709000,rhubarb,=,LCH-5_1_6_1_7_5,Rhubarb,,
3310710000,purslane,<,LCH-5_1_6_1_7,"                    Leaf,Stalk,Flowering Vegetable Crops",,
3310711000,celery,>,LCH-5_1_6_1_7_4,Rods Celery,,
3310711010,celeriac,=,LCH-5_1_6_1_4_11,Celery Root,,
3310711020,leaf_celery,=,LCH-5_1_6_1_7_4,Rods Celery,,
3310712000,aubergine_eggplant,=,LCH-5_1_6_1_8_4,Eggplant,,
3310713000,artichoke,=,LCH-5_1_6_1_7_6,Artichoke,,
3310714000,tomato,=,LCH-5_1_6_1_8_1,Tomato,,
3310715000,root_vegetables,<,LCH-5_1_6_1_4,Root And Tuber Crops,,
3310715010,arctium_burdock,<,LCH-5_1_6_1_4,Root And Tuber Crops,,
3310715020,carrots_daucus,=,LCH-5_1_6_1_4_5,Carrot,,
3310715030,parsnips,=,LCH-5_1_6_1_4_6,Parsnip,,
3310715040,radish,=,LCH-5_1_6_1_4_8,Radish,,
3310715050,turnips,=,LCH-5_1_6_1_4_10,White Turnip,,
3310715060,horseradish,=,LCH-5_1_6_1_4_7,Horseradish,,
3310715070,swede_rutabaga,<,LCH-5_1_6_1_4,Root And Tuber Crops,,
3310715080,stachys_hedgenettle_chinese_artichoke,<,LCH-5_1_6_1_4,Root And Tuber Crops,,
3310715090,salsify,<,LCH-5_1_6_1_4,Root And Tuber Crops,,
3310715990,other_root_vegetables,<,LCH-5_1_6_1_4,Root And Tuber Crops,,
3310716000,capsicum,<,LCH-5_1_6_1_8,Fruiting Vegetable Crops,,
3310716010,bell_pepper_paprika,=,LCH-5_1_6_1_8_2,Bell Pepper,,
3310716020,chili_pepper,=,LCH-5_1_6_1_8_3,Chili Pepper,,
3310717000,salads_lettuce_leaf_vegetables,<,LCH-5_1_6_1_7,"                    Leaf,Stalk,Flowering Vegetable Crops",,
3310717010,chicory_chicories,<,LCH-5_1_6_1_7,"                    Leaf,Stalk,Flowering Vegetable Crops",,
3310717020,endive,<,LCH-5_1_6_1_7,"                    Leaf,Stalk,Flowering Vegetable Crops",,
3310717030,iceberg,<,LCH-5_1_6_1_7_1,"                        Lettuces,Salads",,
3310717040,lambs_lettuce_rapunzel,<,LCH-5_1_6_1_7,"                    Leaf,Stalk,Flowering Vegetable Crops",,
3310717050,rocket_arugula,<,LCH-5_1_6_1_7,"                    Leaf,Stalk,Flowering Vegetable Crops",,
3310717060,sorrel,<,LCH-5_1_6_1_7,"                    Leaf,Stalk,Flowering Vegetable Crops",,
3310717070,spinach,=,LCH-5_1_6_1_7_3,Spinach,,
3310717990,other_salads_lettuce_leaf_vegetables,<,LCH-5_1_6_1_7,"                    Leaf,Stalk,Flowering Vegetable Crops",,
3310718000,cress,<,LCH-5_1_6_1_7,"                    Leaf,Stalk,Flowering Vegetable Crops",,
3310719000,beta_vulgaris,~>,LCH-5_1_6_1_4_3,Sugar Beet,,
3310719010,sugar_beet,=,LCH-5_1_6_1_4_3,Sugar Beet,,
3310719020,mangelwurzel_beets,>,LCH-5_1_6_1_4_4,Fodder Beet,,
3310719030,other_beta_vulgaris,<,LCH-5_1_6_1_7,"                    Leaf,Stalk,Flowering Vegetable Crops",,
3310720000,potatoes,=,LCH-5_1_6_1_4_1,Potatoes,,
3310721000,sweet_potatoes,=,LCH-5_1_6_1_4_2,Sweet Potatoes,,
3310799000,other_fresh_vegetables,>,LCH-5_1_6_1_7,"                    Leaf,Stalk,Flowering Vegetable Crops",,
3310800000,flowers_ornamental_plants,=,LCH-5_1_6_1_12,Flowers and Ornamental Plants,,
3310801000,adonis,<,LCH-5_1_6_1_12,Flowers and Ornamental Plants,,
3310802000,anemones_windflowers,<,LCH-5_1_6_1_12,Flowers and Ornamental Plants,,
3310803000,asters,<,LCH-5_1_6_1_12,Flowers and Ornamental Plants,,
3310804000,begonias,<,LCH-5_1_6_1_12,Flowers and Ornamental Plants,,
3310805000,bluebells,<,LCH-5_1_6_1_12,Flowers and Ornamental Plants,,
3310806000,bulrush,<,LCH-5_1_6_1_12,Flowers and Ornamental Plants,,
3310807000,burnet,<,LCH-5_1_6_1_12,Flowers and Ornamental Plants,,
3310808000,carnation,<,LCH-5_1_6_1_12,Flowers and Ornamental Plants,,
3310809000,chrysanthemum,<,LCH-5_1_6_1_12,Flowers and Ornamental Plants,,
3310810000,cornflowers,<,LCH-5_1_6_1_12,Flowers and Ornamental Plants,,
3310811000,corsican_hellebore,<,LCH-5_1_6_1_12,Flowers and Ornamental Plants,,
3310812000,dahlia,<,LCH-5_1_6_1_12,Flowers and Ornamental Plants,,
3310813000,daisy_daisies,<,LCH-5_1_6_1_12,Flowers and Ornamental Plants,,
3310814000,dandelions,<,LCH-5_1_6_1_12,Flowers and Ornamental Plants,,
3310815000,echinacea,<,LCH-5_1_6_1_12,Flowers and Ornamental Plants,,
3310816000,edelweiss,<,LCH-5_1_6_1_12,Flowers and Ornamental Plants,,
3310817000,fiddleneck_amsinckia,<,LCH-5_1_6_1_12,Flowers and Ornamental Plants,,
3310818000,fuchsias,<,LCH-5_1_6_1_12,Flowers and Ornamental Plants,,
3310820000,gentians,<,LCH-5_1_6_1_12,Flowers and Ornamental Plants,,
3310821000,gladiolus_gladioli,<,LCH-5_1_6_1_12,Flowers and Ornamental Plants,,
3310822000,goldenrod,<,LCH-5_1_6_1_12,Flowers and Ornamental Plants,,
3310823000,iris,<,LCH-5_1_6_1_12,Flowers and Ornamental Plants,,
3310825000,lilies,<,LCH-5_1_6_1_12,Flowers and Ornamental Plants,,
3310827000,lunaria_honesty_silver,<,LCH-5_1_6_1_12,Flowers and Ornamental Plants,,
3310828000,malva,<,LCH-5_1_6_1_12,Flowers and Ornamental Plants,,
3310829000,milk_star,<,LCH-5_1_6_1_12,Flowers and Ornamental Plants,,
3310831000,monstera_adansonii_eyelet,<,LCH-5_1_6_1_12,Flowers and Ornamental Plants,,
3310833000,narcissus_daffodil,<,LCH-5_1_6_1_12,Flowers and Ornamental Plants,,
3310834000,peony_peonies,<,LCH-5_1_6_1_12,Flowers and Ornamental Plants,,
3310835000,primrose,<,LCH-5_1_6_1_12,Flowers and Ornamental Plants,,
3310836000,rhododendron,<,LCH-5_1_6_1_12,Flowers and Ornamental Plants,,
3310837000,roses,<,LCH-5_1_6_1_12,Flowers and Ornamental Plants,,
3310838000,rudbeckia,<,LCH-5_1_6_1_12,Flowers and Ornamental Plants,,
3310839000,safflower,<,LCH-5_1_6_1_12,Flowers and Ornamental Plants,,
3310841000,sanvitalia_procumbens,<,LCH-5_1_6_1_12,Flowers and Ornamental Plants,,
3310843000,silene_catchfly,<,LCH-5_1_6_1_12,Flowers and Ornamental Plants,,
3310844000,silphium_rosinweeds,<,LCH-5_1_6_1_12,Flowers and Ornamental Plants,,
3310845000,snapdragons,<,LCH-5_1_6_1_12,Flowers and Ornamental Plants,,
3310846000,stonecrop,<,LCC-2_3,"        Succulents,Cacti",,
3310847000,tagetes,<,LCH-5_1_6_1_12,Flowers and Ornamental Plants,,
3310848000,thimbles,<,LCH-5_1_6_1_12,Flowers and Ornamental Plants,,
3310849000,tulips,<,LCH-5_1_6_1_12,Flowers and Ornamental Plants,,
3310850000,viola,<,LCH-5_1_6_1_12,Flowers and Ornamental Plants,,
3310852000,zinnias,<,LCH-5_1_6_1_12,Flowers and Ornamental Plants,,
3310853000,ericaceae_heather,<,LCH-5_1_6_1_12,Flowers and Ornamental Plants,,
3310899000,other_flowers_ornamental_plants,<,LCH-5_1_6_1_12,Flowers and Ornamental Plants,,
3311000000,seed_seedlings,~,LCH-5_2_2_1,Seedlings,LCH-5_1_5_7,Seed Production Crop
3311100000,fallow_land_not_crop,=,LCH-5_1_6_98,Fallow Land,,
3311200000,kitchen_gardens,=,LCH-5_1_2_8,Kitchen Garden,LUA-3_4_5_1,Allotment Garden
3311300000,phacelia,<,LCH-5_1_5_6,Functional Crop,,
3319900000,other_arable_land_crops,<,LCH-5_1_6_1,Arable Crops,,
3320000000,grassland_grass,~,LCH-7_1_5,"            Grasslands and Lands Dominated By Forbs,Mosses Or Lichens",,
3320100000,permanent_grassland,~,LCH-7_1_5,"            Grasslands and Lands Dominated By Forbs,Mosses Or Lichens",,
3320200000,temporary_grassland,=,LCH-5_1_5_2_4,Temporary Grasses And Grazings,,
3320201000,poaceae_grasses,<,LCC-2_2_1_1_1,"                    Poaceae,Grasses,Cereals",,
3320201010,elymus,<,LCC-2_2_1_1_1,"                    Poaceae,Grasses,Cereals",,
3320201020,festuca_fescue,<,LCC-2_2_1_1_1,"                    Poaceae,Grasses,Cereals",,
3320201030,cocksfoot_catgrass,<,LCC-2_2_1_1_1,"                    Poaceae,Grasses,Cereals",,
3320201040,festulolium,<,LCC-2_2_1_1_1,"                    Poaceae,Grasses,Cereals",,
3320201050,lolium_ryegrass,<,LCC-2_2_1_1_1,"                    Poaceae,Grasses,Cereals",,
3320201060,setaria,<,LCC-2_2_1_1_1,"                    Poaceae,Grasses,Cereals",,
3320201070,sod_turf,<,LCC-2_2_1_1_1,"                    Poaceae,Grasses,Cereals",,
3320201080,switchgrass,<,LCC-2_2_1_1_1,"                    Poaceae,Grasses,Cereals",,
3320201090,timothy,<,LCC-2_2_1_1_1,"                    Poaceae,Grasses,Cereals",,
3320201100,canary_seed_canaryseed,<,LCC-2_2_1_1_1,"                    Poaceae,Grasses,Cereals",,
3320209900,other_poaceae_grasses,<,LCC-2_2_1_1_1,"                    Poaceae,Grasses,Cereals",,
3330000000,permanent_crops_perennial,=,LCH-5_1_6_3,Permanent Crops,,
3330100000,orchards_fruits,<,LCH-5_1_6_3,Permanent Crops,,
3330102000,apples,=,LCH-5_1_6_3_1_1,Apple,,
3330103000,apricots,=,LCH-5_1_6_3_2_6,Apricot,,
3330104000,cherry_cherries,=,LCH-5_1_6_3_2_1,Sweet Cherry,LCH-5_1_6_3_2_2,Sour Cherry
3330105000,feijoa,<,LCH-5_1_6_3_8,Other Fleshy Fruits,,
3330106000,fig,=,LCH-5_1_6_3_8_2,Fig Fruit,,
3330107000,kiwi,=,LCH-5_1_6_3_8_3,Kiwi,,
3330108000,medlar_loquat,>,LCH-5_1_6_3_1_4,Medlar,,
3330109000,nectarine,<,LCH-5_1_6_3_2_5,"                        Peach,Nectarine",,
3330110000,pawpaw,<,LCH-5_1_6_3_8,Other Fleshy Fruits,,
3330111000,peach,<,LCH-5_1_6_3_2_5,"                        Peach,Nectarine",,
3330112000,pears,=,LCH-5_1_6_3_1_2,Pear,,
3330113000,plums,=,LCH-5_1_6_3_2_3,Plum,,
3330114000,pomegranate,=,LCH-5_1_6_3_1_5,Pomegranate,,
3330115000,quinces,=,LCH-5_1_6_3_1_3,Quince,,
3330116000,avocado,=,LCH-5_1_6_3_2_7,Avocado,,
3330199000,other_orchards_fruits,<,LCH-5_1_6_3,Permanent Crops,,
3330200000,berries_berry_species,=,LCH-5_1_6_3_5,Berry Crops,,
3330201000,aronia_chokeberries,<,LCH-5_1_6_3_5,Berry Crops,,
3330202000,rubus_brambles,<,LCH-5_1_6_3_5,Berry Crops,,
3330202010,blackberry,=,LCH-5_1_6_3_5_2,Blackberries,,
3330202020,raspberry_raspberries,=,LCH-5_1_6_3_5_1,Raspberries,,
3330202030,tayberry,<,LCH-5_1_6_3_5,Berry Crops,,
3330202990,other_rubus_brambles,<,LCH-5_1_6_3_5,Berry Crops,,
3330204000,vaccinium,<,LCH-5_1_6_3_5,Berry Crops,,
3330204010,blueberry,=,LCH-5_1_6_3_5_5,Blueberries,,
3330204020,cranberry,=,LCH-5_1_6_3_5_6,Cranberries,,
3330204990,other_vaccinium,<,LCH-5_1_6_3_5,Berry Crops,,
3330206000,ribes,<,LCH-5_1_6_3_5,Berry Crops,,
3330206010,blackcurrant_cassis,=,LCH-5_1_6_3_5_3,Currants,,
3330206020,redcurrant,=,LCH-5_1_6_3_5_3,Currants,,
3330206030,gooseberry_gooseberries,=,LCH-5_1_6_3_5_4,Gooseberries,,
3330206040,jostaberry,<,LCH-5_1_6_3_5,Berry Crops,,
3330206990,other_ribes,<,LCH-5_1_6_3_5,Berry Crops,,
3330208000,hippophae_sea_buckthorns_seaberry,<,LCH-5_1_6_3_5,Berry Crops,,
3330213000,rowan_rowanberries,<,LCH-5_1_6_3_5,Berry Crops,,
3330101000,amelanchier_serviceberry,<,LCH-5_1_6_3_5,Berry Crops,,
3330299000,other_berries_berry_species,<,LCH-5_1_6_3_5,Berry Crops,,
3330300000,nuts,=,LCH-5_1_6_3_3,Nuts,,
3330301000,almond,=,LCH-5_1_6_3_3_8,Almond,,
3330302000,hazelnuts_hazel,=,LCH-5_1_6_3_3_3,Hazelnuts,,
3330303000,pecan,=,LCH-5_1_6_3_3_6,Pekka Nuts,,
3330304000,pistachio,=,LCH-5_1_6_3_3_7,Pistachios,,
3330305000,sweet_chestnuts,=,LCH-5_1_6_3_3_2,Chestnuts,,
3330306000,walnuts,=,LCH-5_1_6_3_3_1,Walnuts,,
3330399000,other_nuts,<,LCH-5_1_6_3_3,Nuts,,
3330400000,citrus,=,LCH-5_1_6_3_4,Citrus Fruits,,
3330401000,clementine,=,LCH-5_1_6_3_4_7,Clementine,,
3330402000,orange,=,LCH-5_1_6_3_4_1,Oranges,,
3330403000,mandarin,=,LCH-5_1_6_3_4_6,Mandarine,,
3330404000,lemons,=,LCH-5_1_6_3_4_2,Lemons,,
3330499000,other_citrus,<,LCH-5_1_6_3_4,Citrus Fruits,,
3330500000,olive,=,LCH-5_1_6_3_7,Olives,,
3330600000,vineyards_wine_vine_rebland_grapes,=,LCH-5_1_6_3_6,Grapes,,
3330700000,nurseries_nursery,>,LCH-5_1_6_3_11,Woody Plant Nursery,,
3330800000,shrubberries_shrubs,~,LCC-2_1_2,"            Bushes,Shrubs",,
3330801000,azaleas,<,LCC-2_1_2,"            Bushes,Shrubs",,
3330802000,chaenomeles_cathayensis,<,LCC-2_1_2,"            Bushes,Shrubs",,
3330803000,crataegus_hawthorn,<,LCC-2_1_2,"            Bushes,Shrubs",,
3330804000,elder_elderberry,=,LCH-5_1_6_3_5_8,Elderberries,,
3330805000,honeysuckle,<,LCC-2_1_2,"            Bushes,Shrubs",,
3330806000,ricinus_castor,<,LCC-2_1_2,"            Bushes,Shrubs",,
3330807000,wire_bush,<,LCC-2_1_2,"            Bushes,Shrubs",,
3330899000,other_shrubs,<,LCC-2_1_2,"            Bushes,Shrubs",,
3330900000,legumes_from_trees,<,LCC-2_1_1,Trees,,
3330901000,carob,<,LCC-2_1_1,Trees,,
3330902000,mesquite,<,LCC-2_1_1,Trees,,
3330903000,tamarind,<,LCC-2_1_1,Trees,,
3330999000,other_legumes_from_trees,<,LCC-2_1_1,Trees,,
3339900000,other_permanent_crops,<,LCH-5_1_6_3,Permanent Crops,,
3340100000,truffle,<,LCH-5_1_6_4,Mushrooms,,
3340000000,mushrooms,=,LCH-5_1_6_4,Mushrooms,,
3349900000,other_mushrooms,<,LCH-5_1_6_4,Mushrooms,,
3350000000,greenhouse_foil_film,=,LCH-5_1_3_1,Greenhouse Under Glass or Foil,,
3360000000,tree_wood_forest,~,LCC-2_1,Woody Vegetation,,
3360100000,afforestation_reforestation,<,LCC-2_1,Woody Vegetation,,
3360200000,aspen,<,LCC-2_1_1,Trees,,
3360300000,birch,<,LCC-2_1_1,Trees,,
3360400000,dogwood_cornus,<,LCC-2_1_1,Trees,,
3360500000,eucalyptus,<,LCC-2_1_1,Trees,,
3360600000,oak,<,LCC-2_1_1,Trees,,
3360700000,populus,<,LCC-2_1_1,Trees,,
3360800000,willows_osiers,<,LCC-2_1_1,Trees,,
3360900000,conifers,>,LCH-5_1_6_3_12,Christmas Trees,,
3361000000,gingko,<,LCC-2_1_1,Trees,,
3369900000,other_tree_wood_forest,<,LCC-2_1_1,Trees,,
3370000000,unmaintained,,,,,
3390000000,not_known_and_other,,,,,
