nuts,year,column_name,column_type,type,ToKeep
BE2,2008,ALVID,Integer64,,0
BE2,2008,GEWASGROEP,String,group_name,1
BE2,2008,HFDTLT,String,original_code,1
BE2,2008,LBLHFDTLT,String,original_name,1
BE2,2008,LBLPM,String,,0
EE,2008,niitmise_tuvast_ajavahemik,String,,0
EE,2008,niitmise_tuvastamise_staatus,String,,0
BE2,2008,OIDN,Integer64,,0
EE,2008,pindala_ha,Real,off_area,1
BE2,2008,PM,String,,0
EE,2008,pollu_id,Integer,off_id,1
BE2,2008,SHAPE_STAr,Real,off_area,1
BE2,2008,SHAPE_STLe,Real,,0
EE,2008,taotleja_nimi,String,,0
EE,2008,taotleja_registrikood,String,,0
EE,2008,taotletud_kultuur,String,original_name,1
EE,2008,taotletud_maakasutus,String,,0
EE,2008,taotletud_toetus,String,,0
EE,2008,taotletud_toetus2,String,,0
EE,2008,taotlusaasta,Integer,,0
BE2,2008,UIDN,Integer64,off_id,1
BE2,2009,ALVID,Integer64,,0
NL,2009,CAT_GEWASCATEGORIE, String ,group_code,1
BE2,2009,GEWASGROEP,String,group_name,1
NL,2009,GWS_GEWAS, String ,original_name,1
NL,2009,GWS_GEWASCODE, String ,original_code,1
BE2,2009,HFDTLT,String,original_code,1
BE2,2009,LBLHFDTLT,String,original_name,1
BE2,2009,LBLPM,String,,0
EE,2009,niitmise_tuvast_ajavahemik,String,,0
EE,2009,niitmise_tuvastamise_staatus,String,,0
BE2,2009,OIDN,Integer64,,0
EE,2009,pindala_ha,Real,off_area,1
BE2,2009,PM,String,,0
EE,2009,pollu_id,Integer,off_id,1
NL,2009,Shape_Area, Real ,,0
NL,2009,Shape_Length, Real ,,0
BE2,2009,SHAPE_STAr,Real,off_area,1
BE2,2009,SHAPE_STLe,Real,,0
EE,2009,taotleja_nimi,String,,0
EE,2009,taotleja_registrikood,String,,0
EE,2009,taotletud_kultuur,String,original_name,1
EE,2009,taotletud_maakasutus,String,,0
EE,2009,taotletud_toetus,String,,0
EE,2009,taotletud_toetus2,String,,0
EE,2009,taotlusaasta,Integer,,0
BE2,2009,UIDN,Integer64,off_id,1
DK,2010,AFGR_DENAV,String,original_name,1
DK,2010,AFGRKODE,Real,original_code,1
BE2,2010,ALVID,Integer64,,0
DK,2010,ANSNR,String,,0
DE4,2010,ANTRAGSJAH,Integer,,0
DK,2010,AREAL_HA,Real,off_area,1
DE4,2010,BINDUNG,String,,0
DK,2010,BLOKNR,String,,0
DE4,2010,BODENNUTZU,String,,0
NL,2010,CAT_GEWASCATEGORIE, String ,group_code,1
DE4,2010,FB_FLIK,String,,0
DK,2010,GEONAME,String,,0
BE2,2010,GEWASGROEP,String,group_name,1
DE4,2010,GROESSE_P,Real,off_area,1
NL,2010,GWS_GEWAS, String ,original_name,1
NL,2010,GWS_GEWASCODE, String ,original_code,1
BE2,2010,HFDTLT,String,original_code,1
DK,2010,HOESTAAR,Integer64,,0
DE4,2010,K_ART,Integer,original_code,1
DE4,2010,K_ART_N,String,,0
DE4,2010,K_ART_NAME,String,,0
DK,2010,KOL_6,Real,,0
DK,2010,KOL_7,Real,,0
DE4,2010,KREIS_NR,Integer,,0
DE4,2010,LAND,String,,0
BE2,2010,LBLHFDTLT,String,original_name,1
BE2,2010,LBLPM,String,,0
DE4,2010,LFDNR,Integer64,,0
EE,2010,niitmise_tuvast_ajavahemik,String,,0
EE,2010,niitmise_tuvastamise_staatus,String,,0
BE2,2010,OIDN,Integer64,,0
EE,2010,pindala_ha,Real,off_area,1
BE2,2010,PM,String,,0
EE,2010,pollu_id,Integer,off_id,1
DE4,2010,PR_BINDUNG,String,,0
DE4,2010,SHAPE_AREA,Real,,0
NL,2010,Shape_Area, Real ,,0
DE4,2010,SHAPE_LEN,Real,,0
BE2,2010,SHAPE_STAr,Real,off_area,1
BE2,2010,SHAPE_STLe,Real,,0
EE,2010,taotleja_nimi,String,,0
EE,2010,taotleja_registrikood,String,,0
EE,2010,taotletud_kultuur,String,original_name,1
EE,2010,taotletud_maakasutus,String,,0
EE,2010,taotletud_toetus,String,,0
EE,2010,taotletud_toetus2,String,,0
EE,2010,taotlusaasta,Integer,,0
BE2,2010,UIDN,Integer64,off_id,1
DK,2011,Afgkode,Real,original_code,1
DK,2011,Afgroede,String,original_name,1
BE2,2011,ALVID,Integer64,,0
DE4,2011,ANTRAGSJAH,Integer,,0
DE4,2011,BINDUNG,String,,0
DE4,2011,BODENNUTZU,String,,0
NL,2011,CAT_GEWASCATEGORIE, String ,group_code,1
DK,2011,CVR,String,,0
DE4,2011,FB_FLIK,String,,0
DK,2011,GB,Real,,0
NL,2011,GEOMETRIE_Area, Real ,,0
NL,2011,GEOMETRIE_Length, Real ,,0
BE2,2011,GEWASGROEP,String,group_name,1
DE4,2011,GROESSE_P,Real,off_area,1
NL,2011,GWS_GEWAS, String ,original_name,1
NL,2011,GWS_GEWASCODE, String ,original_code,1
BE2,2011,HFDTLT,String,original_code,1
DK,2011,IMK_areal,Real,off_area,1
DE4,2011,K_ART,Integer,original_code,1
DE4,2011,K_ART_N,String,,0
DE4,2011,K_ART_NAME,String,,0
DE4,2011,KREIS_NR,Integer,,0
DE4,2011,LAND,String,,0
BE2,2011,LBLHFDTLT,String,original_name,1
BE2,2011,LBLPM,String,,0
DE4,2011,LFDNR,Integer64,,0
DK,2011,Marknr,String,,0
EE,2011,niitmise_tuvast_ajavahemik,String,,0
EE,2011,niitmise_tuvastamise_staatus,String,,0
BE2,2011,OIDN,Integer64,,0
EE,2011,pindala_ha,Real,off_area,1
BE2,2011,PM,String,,0
EE,2011,pollu_id,Integer,off_id,1
DE4,2011,PR_BINDUNG,String,,0
DE4,2011,SHAPE_AREA,Real,,0
DE4,2011,SHAPE_LEN,Real,,0
BE2,2011,SHAPE_STAr,Real,off_area,1
BE2,2011,SHAPE_STLe,Real,,0
EE,2011,taotleja_nimi,String,,0
EE,2011,taotleja_registrikood,String,,0
EE,2011,taotletud_kultuur,String,original_name,1
EE,2011,taotletud_maakasutus,String,,0
EE,2011,taotletud_toetus,String,,0
EE,2011,taotletud_toetus2,String,,0
EE,2011,taotlusaasta,Integer,,0
BE2,2011,UIDN,Integer64,off_id,1
DK,2012,Afgkode,Real,original_code,1
DK,2012,Afgroede,String,original_name,1
BE2,2012,ALVID,Integer64,,0
DE4,2012,ANTRAGSJAH,Integer64,,0
DE4,2012,BINDUNG,String,,0
DE4,2012,BODENNUTZU,String,,0
NL,2012,CAT_GEWASCATEGORIE, String ,group_code,1
DK,2012,CVR,String,,0
DE4,2012,FB_FLIK,String,,0
DK,2012,GB,Real,,0
NL,2012,GEOMETRIE_Area, Real ,,0
NL,2012,GEOMETRIE_Length, Real ,,0
BE2,2012,GEWASGROEP,String,group_name,1
DE4,2012,GROESSE_P,Real,off_area,1
NL,2012,GWS_GEWAS, String ,original_name,1
NL,2012,GWS_GEWASCODE, String ,original_code,1
BE2,2012,HFDTLT,String,original_code,1
DK,2012,IMK_areal,Real,off_area,1
DE4,2012,K_ART,Integer64,original_code,1
DE4,2012,K_ART_KULT,String,original_name,1
DE4,2012,K_ART_N,String,,0
DE4,2012,K_ART_NAME,String,,0
DE4,2012,KREIS_NR,Integer64,,0
DE4,2012,LAND,String,,0
BE2,2012,LBLHFDTLT,String,original_name,1
BE2,2012,LBLPM,String,,0
DE4,2012,LFDNR,Real,,0
DK,2012,Marknr,String,,0
EE,2012,niitmise_tuvast_ajavahemik,String,,0
EE,2012,niitmise_tuvastamise_staatus,String,,0
BE2,2012,OIDN,Integer64,,0
EE,2012,pindala_ha,Real,off_area,1
BE2,2012,PM,String,,0
EE,2012,pollu_id,Integer,off_id,1
DE4,2012,PR_BINDUNG,String,,0
DE4,2012,SHAPE_AREA,Real,,0
DE4,2012,SHAPE_LEN,Real,,0
BE2,2012,SHAPE_STAr,Real,off_area,1
BE2,2012,SHAPE_STLe,Real,,0
EE,2012,taotleja_nimi,String,,0
EE,2012,taotleja_registrikood,String,,0
EE,2012,taotletud_kultuur,String,original_name,1
EE,2012,taotletud_maakasutus,String,,0
EE,2012,taotletud_toetus,String,,0
EE,2012,taotletud_toetus2,String,,0
EE,2012,taotlusaasta,Integer,,0
BE2,2012,UIDN,Integer64,off_id,1
DK,2013,Afgkode,Real,original_code,1
DK,2013,Afgroede,String,original_name,1
BE2,2013,ALVID,Integer64,,0
DE4,2013,ANTRAGSJAH,Integer,,0
DE4,2013,BINDUNG,String,,0
DE4,2013,BODENNUTZU,String,,0
NL,2013,CAT_GEWASCATEGORIE, String ,group_code,1
DK,2013,CVR,String,,0
DE4,2013,FB_FLIK,String,,0
DK,2013,GB,Real,,0
NL,2013,GEOMETRIE_Area, Real ,,0
NL,2013,GEOMETRIE_Length, Real ,,0
BE2,2013,GEWASGROEP,String,group_name,1
DE4,2013,GROESSE_P,Real,off_area,1
NL,2013,GWS_GEWAS, String ,original_name,1
NL,2013,GWS_GEWASCODE, String ,original_code,1
BE2,2013,HFDTLT,String,original_code,1
DK,2013,IMK_areal,Real,off_area,1
DE4,2013,K_ART,Integer,original_code,1
DE4,2013,K_ART_KULT,String,original_name,1
DE4,2013,K_ART_N,String,,0
DE4,2013,K_ART_NAME,String,,0
DE4,2013,KREIS_NR,Integer,,0
DE4,2013,LAND,String,,0
BE2,2013,LBLHFDTLT,String,original_name,1
BE2,2013,LBLPM,String,,0
DE4,2013,LFDNR,Integer64,,0
DK,2013,Marknr,String,,0
EE,2013,niitmise_tuvast_ajavahemik,String,,0
EE,2013,niitmise_tuvastamise_staatus,String,,0
BE2,2013,OIDN,Integer64,,0
EE,2013,pindala_ha,Real,off_area,1
BE2,2013,PM,String,,0
EE,2013,pollu_id,Integer,off_id,1
DE4,2013,PR_BINDUNG,String,,0
DE4,2013,SHAPE_AREA,Real,,0
DE4,2013,SHAPE_LEN,Real,,0
BE2,2013,SHAPE_STAr,Real,off_area,1
BE2,2013,SHAPE_STLe,Real,,0
EE,2013,taotleja_nimi,String,,0
EE,2013,taotleja_registrikood,String,,0
EE,2013,taotletud_kultuur,String,original_name,1
EE,2013,taotletud_maakasutus,String,,0
EE,2013,taotletud_toetus,String,,0
EE,2013,taotletud_toetus2,String,,0
EE,2013,taotlusaasta,Integer,,0
BE2,2013,UIDN,Integer64,off_id,1
DK,2014,Afgkode,Real,original_code,1
DK,2014,Afgroede,String,original_name,1
BE2,2014,ALVID,Integer64,,0
DE4,2014,ANTRAGSJAH,Integer,,0
DE4,2014,BINDUNG,String,,0
DE4,2014,BODENNUTZU,String,,0
NL,2014,CAT_GEWASCATEGORIE, String ,group_code,1
DK,2014,CVR,String,,0
DE4,2014,FB_FLIK,String,,0
DK,2014,GB,Real,,0
NL,2014,GEOMETRIE_Area, Real ,,0
NL,2014,GEOMETRIE_Length, Real ,,0
BE2,2014,GEWASGROEP,String,group_name,1
DE4,2014,GROESSE_P,Real,off_area,1
NL,2014,GWS_GEWAS, String ,original_name,1
NL,2014,GWS_GEWASCODE, String ,original_code,1
BE2,2014,HFDTLT,String,original_code,1
DK,2014,IMK_areal,Real,off_area,1
DK,2014,Journalnr,String,,0
DE4,2014,K_ART,Integer,original_code,1
DE4,2014,K_ART_KULT,String,original_name,1
DE4,2014,K_ART_N,String,,0
DE4,2014,K_ART_NAME,String,,0
DE4,2014,KREIS_NR,Integer,,0
DE4,2014,LAND,String,,0
BE2,2014,LBLHFDTLT,String,original_name,1
BE2,2014,LBLPM,String,,0
DE4,2014,LFDNR,Integer64,,0
DK,2014,Marknr,String,,0
EE,2014,niitmise_tuvast_ajavahemik,String,,0
EE,2014,niitmise_tuvastamise_staatus,String,,0
BE2,2014,OIDN,Integer64,,0
EE,2014,pindala_ha,Real,off_area,1
BE2,2014,PM,String,,0
EE,2014,pollu_id,Integer,off_id,1
DE4,2014,PR_BINDUNG,String,,0
DE4,2014,SHAPE_AREA,Real,,0
DE4,2014,SHAPE_LEN,Real,,0
BE2,2014,SHAPE_STAr,Real,off_area,1
BE2,2014,SHAPE_STLe,Real,,0
EE,2014,taotleja_nimi,String,,0
EE,2014,taotleja_registrikood,String,,0
EE,2014,taotletud_kultuur,String,original_name,1
EE,2014,taotletud_maakasutus,String,,0
EE,2014,taotletud_toetus,String,,0
EE,2014,taotletud_toetus2,String,,0
EE,2014,taotlusaasta,Integer,,0
BE2,2014,UIDN,Integer64,off_id,1
BE3,2015,_CLIPPED,String,,0
DK,2015,Afgkode,Real,original_code,1
DK,2015,Afgroede,String,original_name,1
BE2,2015,ALVID,Integer64,,0
DE4,2015,ANTRAGSJAH,Integer,,0
BE2,2015,area_ha,Real,,0
DE4,2015,BINDUNG,String,,0
DE4,2015,BODENNUTZU,String,,0
BE3,2015,CAMPAGNE,String,,0
ES51,2015,campanya,Real,,0
NL,2015,CAT_GEWASCATEGORIE, String ,group_code,1
FR,2015,CODE_CULTU,String,original_code,1
FR,2015,CODE_GROUP,String,group_code,1
ES51,2015,comarca,String,,0
BE3,2015,CULT_COD,String,original_code,1
BE3,2015,CULT_NOM,String,original_name,1
ES51,2015,cultiu,String,original_name,1
FR,2015,CULTURE_D1,String,,0
FR,2015,CULTURE_D2,String,,0
DK,2015,CVR,String,,0
AT,2015,FART_ID,Real,,0
DE4,2015,FB_FLIK,String,,0
DE4,2015,FFH,Real,,0
AT,2015,FS_KENNUNG,Real,off_id,1
DK,2015,GB,Real,,0
AT,2015,GEO_ID,Real,,0
AT,2015,GEO_PART_KEY,Real,,0
AT,2015,GEO_TYPE,String,,0
NL,2015,GEOMETRIE_Area, Real ,,0
NL,2015,GEOMETRIE_Length, Real ,,0
BE2,2015,GEWASGROEP,String,group_name,1
AT,2015,GML_GEOM,Binary,,0
AT,2015,GML_ID,String,,0
AT,2015,GML_IDENTIFIER,String,,0
AT,2015,GML_LENGTH,Real,,0
DE4,2015,GROESSE_P,Real,off_area,1
BE3,2015,GROUPE_CUL,String,group_name,1
ES51,2015,grup,String,group_name,1
NL,2015,GWS_GEWAS, String ,original_name,1
NL,2015,GWS_GEWASCODE, String ,original_code,1
ES51,2015,ha,Real,off_area,1
BE2,2015,HFDTLT,String,original_code,1
ES51,2015,id_mun,String,off_id,1
FR,2015,ID_PARCEL,String,off_id,1
DK,2015,IMK_areal,Real,off_area,1
AT,2015,INSPIRE_ID,String,,0
DK,2015,Journalnr,String,,0
DE4,2015,K_ART,Integer,original_code,1
DE4,2015,K_ART_KULT,String,original_name,1
DE4,2015,K_ART_N,String,,0
DE4,2015,K_ART_NAME,String,,0
DE4,2015,KREIS_NR,Integer,,0
DE4,2015,LAND,String,,0
FR,2015,layer,String,,0
BE2,2015,LBLHFDTLT,String,original_name,1
BE2,2015,LBLPM,String,,0
BE2,2015,LENGTE,Real,,0
DE4,2015,LFDNR,Integer64,,0
AT,2015,LOG_PKEY,Real,,0
DK,2015,Marknr,String,,0
ES51,2015,municipi,String,,0
EE,2015,niitmise_tuvast_ajavahemik,String,,0
EE,2015,niitmise_tuvastamise_staatus,String,,0
BE3,2015,OBJECTID,Real,off_id,1
BE2,2015,OIDN,Integer64,,0
BE2,2015,OPPERVL,Real,off_area,1
DE4,2015,OVF,Real,,0
FR,2015,path,String,,0
EE,2015,pindala_ha,Real,off_area,1
BE2,2015,PM,String,,0
EE,2015,pollu_id,Integer,off_id,1
DE4,2015,PR_BINDUNG,String,,0
ES51,2015,provincia,String,,0
BE3,2015,SE_ANNO_CA,String,,0
ES51,2015,seca_regad,String,,0
DE4,2015,SHAPE_AREA,Real,,0
DE4,2015,SHAPE_LEN,Real,,0
AT,2015,SL_FLAECHE_BRUTTO_HA,Real,off_area,1
AT,2015,SNAR_BEZEICHNUNG,String,original_name,1
AT,2015,SNAR_CODE,String,original_code,1
BE3,2015,SURF_HA,Real,off_area,1
FR,2015,SURF_PARC,Real,off_area,1
EE,2015,taotleja_nimi,String,,0
EE,2015,taotleja_registrikood,String,,0
EE,2015,taotletud_kultuur,String,original_name,1
EE,2015,taotletud_maakasutus,String,,0
EE,2015,taotletud_toetus,String,,0
EE,2015,taotletud_toetus2,String,,0
EE,2015,taotlusaasta,Integer,,0
BE2,2015,UIDN,Integer64,off_id,1
DK,2016,Afgkode,Real,original_code,1
DK,2016,Afgroede,String,original_name,1
DE4,2016,AKTIVIERUN,Integer64,,0
BE2,2016,ALVID,Integer64,,0
ITI1,2016,Anno,Integer64,,0
ITI1,2016,AnnoImpian,Integer64,,0
DE4,2016,ANSAATJAHR,Integer64,,0
DE4,2016,ANTRAGSJAH,Integer64,,0
ITI1,2016,area,Integer64,off_area,1
ITI1,2016,Beneficiar,Integer64,,0
DE4,2016,BINDUNG,String,,0
BE3,2016,CAMPAGNE,String,,0
ES51,2016,campanya,Real,,0
NL,2016,CAT_GEWASCATEGORIE, String ,group_code,1
ITI1,2016,CodColtiva,Integer64,,0
ITI1,2016,CodDestina,String,,0
FR,2016,CODE_CULTU,String,original_code,1
FR,2016,CODE_GROUP,String,group_code,1
ITI1,2016,CodQualita,String,,0
ITI1,2016,CodUso,String,,0
ITI1,2016,ColturaPri,Integer64,,0
ES51,2016,comarca,String,,0
ITI1,2016,comune,String,,0
BE3,2016,CULT_COD,String,original_code,1
BE3,2016,CULT_NOM,String,original_name,1
ES51,2016,cultiu,String,original_name,1
FR,2016,CULTURE_D1,String,,0
FR,2016,CULTURE_D2,String,,0
DK,2016,CVR,String,,0
ITI1,2016,DataFineOc,String,,0
ITI1,2016,DataImpian,String,,0
ITI1,2016,DataInizio,String,,0
ITI1,2016,DescColtiv,String,,0
ITI1,2016,destinazio,String,,0
AT,2016,FART_ID,Real,,0
DE4,2016,FB_FLIK,String,,0
AT,2016,FS_KENNUNG,Real,off_id,1
DK,2016,GB,Real,,0
AT,2016,GEO_ID,Real,,0
AT,2016,GEO_PART_KEY,Real,,0
AT,2016,GEO_TYPE,String,,0
NL,2016,GEOMETRIE_Area, Real ,,0
NL,2016,GEOMETRIE_Length, Real ,,0
BE2,2016,GEWASGROEP,String,,0
AT,2016,GML_GEOM,Binary,,0
AT,2016,GML_ID,String,,0
AT,2016,GML_IDENTIFIER,String,,0
AT,2016,GML_LENGTH,Real,,0
BE3,2016,GROUPE_CUL,String,group_name,1
ES51,2016,grup,String,group_name,1
NL,2016,GWS_GEWAS, String ,original_name,1
NL,2016,GWS_GEWASCODE, String ,original_code,1
ES51,2016,ha,Real,off_area,1
BE2,2016,HFDTLT,String,original_code,1
DE4,2016,ID,Real,off_id,1
ES51,2016,id_mun,String,off_id,1
FR,2016,ID_PARCEL,String,off_id,1
ITI1,2016,IDCatastal,String,,0
ITI1,2016,IdEpocaDiS,Integer64,,0
ITI1,2016,IDFormaAll,Integer64,,0
ITI1,2016,IdPotenzia,Integer64,,0
ITI1,2016,IdRotazion,Integer64,,0
ITI1,2016,IDSpecie,Integer64,original_code,1
ITI1,2016,IdTipoIrri,Integer64,,0
ITI1,2016,IdTipoMa_1,Integer64,,0
ITI1,2016,IdTipoMant,Integer64,,0
ITI1,2016,IdTipoProt,Integer64,,0
ITI1,2016,IdTipoSemi,Integer64,,0
ITI1,2016,IDVarieta,Integer64,,0
DK,2016,IMK_areal,Real,off_area,1
AT,2016,INSPIRE_ID,String,,0
ITI1,2016,Irriguo,Integer64,,0
DK,2016,Journalnr,String,,0
DE4,2016,LAND,String,,0
FR,2016,layer,String,,0
ITI1,2016,layer,String,,0
BE2,2016,LBLHFDTLT,String,,0
BE2,2016,LBLPM,String,,0
BE2,2016,LENGTE,Real,,0
AT,2016,LOG_PKEY,Real,,0
DK,2016,Marknr,String,,0
ES51,2016,municipi,String,,0
EE,2016,niitmise_tuvast_ajavahemik,String,,0
EE,2016,niitmise_tuvastamise_staatus,String,,0
ITI1,2016,NrPiante,Integer64,,0
DE4,2016,NU_CODE,String,original_code,1
BE3,2016,OBJECTID,Real,off_id,1
ITI1,2016,objectid,Integer64,off_id,1
BE2,2016,OIDN,Integer64,,0
BE2,2016,OPPERVL,Real,off_area,1
DE4,2016,OVF,Integer64,,0
DE4,2016,PARZ_FL_NE,Real,off_area,1
FR,2016,path,String,,0
ITI1,2016,path,String,,0
EE,2016,pindala_ha,Real,off_area,1
BE2,2016,PM,String,,0
EE,2016,pollu_id,Integer,off_id,1
ITI1,2016,Produttivo,Integer64,,0
ES51,2016,provincia,String,,0
ITI1,2016,PROVINCIA,String,,0
ITI1,2016,qualita,String,,0
ES51,2016,seca_regad,String,,0
ITI1,2016,SestoSuFil,Integer64,,0
ITI1,2016,SestoTraFi,Integer64,,0
DE4,2016,SHAPE_AREA,Real,,0
DE4,2016,SHAPE_LEN,Real,,0
AT,2016,SL_FLAECHE_BRUTTO_HA,Real,off_area,1
AT,2016,SNAR_BEZEICHNUNG,String,original_name,1
AT,2016,SNAR_CODE,String,original_code,1
DE4,2016,SORTE,Integer64,,0
ITI1,2016,specie,String,original_name,1
BE3,2016,SURF_HA,Real,off_area,1
FR,2016,SURF_PARC,Real,off_area,1
EE,2016,taotleja_nimi,String,,0
EE,2016,taotleja_registrikood,String,,0
EE,2016,taotletud_kultuur,String,original_name,1
EE,2016,taotletud_maakasutus,String,,0
EE,2016,taotletud_toetus,String,,0
EE,2016,taotletud_toetus2,String,,0
EE,2016,taotlusaasta,Integer,,0
BE2,2016,UIDN,Integer64,off_id,1
ITI1,2016,uso,String,,0
ITI1,2016,UTE,Integer64,,0
ITI1,2016,varieta,String,,0
DK,2017,AFGKODE,Real,original_code,1
DK,2017,AFGROEDE,String,original_name,1
DE4,2017,AKTIVIERUN,Integer64,,0
BE2,2017,ALVID,Integer64,,0
IE,2017,ANC_IND,String,,0
ITI1,2017,Anno,Integer64,,0
ITI1,2017,AnnoImpian,Integer64,,0
DE4,2017,ANSAATJAHR,Integer64,,0
DE4,2017,ANTRAGSJAH,Integer64,,0
IE,2017,APP_HERD,String,,0
ITI1,2017,area,Integer64,off_area,1
ITI1,2017,Beneficiar,Integer64,,0
IE,2017,BOVIN_NITR,Real,,0
IE,2017,BOVIN_PHOS,Real,,0
PT,2017,C1,String,original_name,1
PT,2017,c10,String,,0
PT,2017,c11,String,,0
PT,2017,c12,String,,0
PT,2017,c2,String,,0
PT,2017,c3,String,,0
PT,2017,c4,String,,0
PT,2017,c5,String,,0
PT,2017,c6,String,,0
PT,2017,c7,String,,0
PT,2017,c8,String,,0
PT,2017,c9,String,,0
BE3,2017,CAMPAGNE,String,,0
ES51,2017,campanya,Real,,0
NL,2017,CAT_GEWASCATEGORIE, String ,group_code,1
IE,2017,CLAIM_AREA,Real,,0
ITI1,2017,CodColtiva,Integer64,,0
ITI1,2017,CodDestina,String,,0
FR,2017,CODE_CULTU,String,original_code,1
FR,2017,CODE_GROUP,String,group_code,1
ITI1,2017,CodQualita,String,,0
ITI1,2017,CodUso,String,,0
ITI1,2017,ColturaPri,Integer64,,0
IE,2017,COM_DEN,Integer64,,0
IE,2017,COM_IND,String,,0
IE,2017,COM_NUM,Integer64,,0
ES51,2017,comarca,String,,0
ITI1,2017,comune,String,,0
IE,2017,CROP_DESC,String,original_name,1
BE3,2017,CULT_COD,String,original_code,1
BE3,2017,CULT_NOM,String,original_name,1
ES51,2017,cultiu,String,original_name,1
FR,2017,CULTURE_D1,String,,0
FR,2017,CULTURE_D2,String,,0
IE,2017,CUST_ID,Real,,0
IE,2017,CUST_NIT_A,Real,,0
IE,2017,CUST_NPH,String,,0
DK,2017,CVR,String,,0
ITI1,2017,DataFineOc,String,,0
ITI1,2017,DataImpian,String,,0
ITI1,2017,DataInizio,String,,0
IE,2017,DEROGATION,Real,,0
ITI1,2017,DescColtiv,String,,0
ITI1,2017,destinazio,String,,0
IE,2017,DIGIT_AREA,Real,off_area,1
IE,2017,EFA_SEC_CR,String,,0
IE,2017,ESPG_IND,String,,0
IE,2017,EXP_NITRAT,Real,,0
IE,2017,EXP_PHOSPH,Real,,0
IE,2017,EXTRCT_DAT,String,,0
IE,2017,FAD,Real,,0
IE,2017,FAD_REASON,String,,0
AT,2017,FART_ID,Real,,0
DE4,2017,FLIK,String,,0
AT,2017,FS_KENNUNG,Real,off_id,1
DK,2017,GB,Real,,0
DK,2017,GBANMELDT,Integer64,,0
AT,2017,GEO_ID,Real,,0
AT,2017,GEO_PART_KEY,Real,,0
AT,2017,GEO_TYPE,String,,0
NL,2017,GEOMETRIE_Area, Real ,,0
NL,2017,GEOMETRIE_Length, Real ,,0
BE2,2017,GEWASGROEP,String,group_name,1
IE,2017,GLAS_IND,String,,0
AT,2017,GML_GEOM,Binary,,0
AT,2017,GML_ID,String,,0
AT,2017,GML_IDENTIFIER,String,,0
AT,2017,GML_LENGTH,Real,,0
DE4,2017,GROESSE,Real,off_area,1
BE3,2017,GROUPE_CUL,String,group_name,1
ES51,2017,grup,String,group_name,1
NL,2017,GWS_GEWAS, String ,original_name,1
NL,2017,GWS_GEWASCODE, String ,original_code,1
ES51,2017,ha,Real,off_area,1
IE,2017,HERD_NO,String,,0
BE2,2017,HFDTLT,String,original_code,1
DE4,2017,ID,Integer64,off_id,1
DK,2017,ID,Integer64,off_id,1
ES51,2017,id_mun,String,off_id,1
FR,2017,ID_PARCEL,String,off_id,1
ITI1,2017,IDCatastal,String,,0
ITI1,2017,IdEpocaDiS,Integer64,,0
ITI1,2017,IDFormaAll,Integer64,,0
ITI1,2017,IdPotenzia,Integer64,,0
ITI1,2017,IdRotazion,Integer64,,0
ITI1,2017,IDSpecie,Integer64,original_code,1
ITI1,2017,IdTipoIrri,Integer64,,0
ITI1,2017,IdTipoMa_1,Integer64,,0
ITI1,2017,IdTipoMant,Integer64,,0
ITI1,2017,IdTipoProt,Integer64,,0
ITI1,2017,IdTipoSemi,Integer64,,0
ITI1,2017,IDVarieta,Integer64,,0
DK,2017,IMK_AREAL,Real,off_area,1
IE,2017,IMP_NITRAT,Real,,0
IE,2017,IMP_PHOSPH,Real,,0
IE,2017,IND_ACREAG,Real,,0
IE,2017,IND_NPH,Real,,0
AT,2017,INSPIRE_ID,String,,0
ITI1,2017,Irriguo,Integer64,,0
DK,2017,JOURNALNR,String,,0
DE4,2017,LAND,String,,0
FR,2017,layer,String,,0
ITI1,2017,layer,String,,0
PT,2017,layer,String,,0
BE2,2017,LBLHFDTLT,String,original_name,1
BE2,2017,LBLPM,String,,0
BE2,2017,LENGTE,Real,,0
AT,2017,LOG_PKEY,Real,,0
DK,2017,MARKNR,String,,0
IE,2017,MD,Real,,0
IE,2017,MD_REASON,String,,0
IE,2017,MEA,Real,,0
ES51,2017,municipi,String,,0
EE,2017,niitmise_tuvast_ajavahemik,String,,0
EE,2017,niitmise_tuvastamise_staatus,String,,0
IE,2017,NO_OF_HERD,String,,0
ITI1,2017,NrPiante,Integer64,,0
DE4,2017,NUTZCODE,Integer64,original_code,1
ITI1,2017,objectid,Integer64,off_id,1
PT,2017,OBJECTID,Integer64,,0
DE4,2017,OEVFTYPCOD,Integer64,,0
BE2,2017,OIDN,Integer64,,0
BE2,2017,OPPERVL,Real,off_area,1
IE,2017,ORG_STATUS,String,,0
PT,2017,OSA_ID,Integer64,off_id,1
PT,2017,PAR_NUM,String,,0
IE,2017,PARC_LAB,String,,0
IE,2017,PARTNER_NO,String,,0
FR,2017,path,String,,0
ITI1,2017,path,String,,0
PT,2017,path,String,,0
EE,2017,pindala_ha,Real,off_area,1
BE2,2017,PM,String,,0
EE,2017,pollu_id,Integer,off_id,1
ITI1,2017,Produttivo,Integer64,,0
ES51,2017,provincia,String,,0
ITI1,2017,PROVINCIA,String,,0
ITI1,2017,qualita,String,,0
IE,2017,RESTRICT_N,String,,0
IE,2017,RESTRICT_P,Real,,0
IE,2017,SCHYEAR,Real,,0
ES51,2017,seca_regad,String,,0
ITI1,2017,SestoSuFil,Integer64,,0
ITI1,2017,SestoTraFi,Integer64,,0
DE4,2017,SHAPE_AREA,Real,,0
ES51,2017,shape_area,Real,,0
IE,2017,Shape_Area,Real,,0
DE4,2017,SHAPE_LEN,Real,,0
ES51,2017,shape_leng,Real,,0
IE,2017,Shape_Leng,Real,,0
IE,2017,SHEEP_NITR,Real,,0
IE,2017,SHEEP_PHOS,Real,,0
AT,2017,SL_FLAECHE_BRUTTO_HA,Real,off_area,1
AT,2017,SNAR_BEZEICHNUNG,String,original_name,1
AT,2017,SNAR_CODE,String,original_code,1
DE4,2017,SORTE,Integer64,,0
ITI1,2017,specie,String,original_name,1
IE,2017,STOCK_DENS,Real,,0
IE,2017,SUB_DIV,String,,0
BE3,2017,SURF_HA,Real,off_area,1
FR,2017,SURF_PARC,Real,off_area,1
EE,2017,taotleja_nimi,String,,0
EE,2017,taotleja_registrikood,String,,0
EE,2017,taotletud_kultuur,String,original_name,1
EE,2017,taotletud_maakasutus,String,,0
EE,2017,taotletud_toetus,String,,0
EE,2017,taotletud_toetus2,String,,0
EE,2017,taotlusaasta,Integer,,0
DE4,2017,TGUELTIGAB,String,,0
DE4,2017,TGUELTIGBS,String,,0
IE,2017,TOT_CUS_AC,Real,,0
IE,2017,TOT_CUST_N,String,,0
IE,2017,TOT_CUST_P,Real,,0
IE,2017,TOT_IND_NI,Real,,0
IE,2017,TOT_IND_PH,Real,,0
BE2,2017,UIDN,Integer64,off_id,1
ITI1,2017,uso,String,,0
ITI1,2017,UTE,Integer64,,0
ITI1,2017,varieta,String,,0
PT,2017,VDO_DESC_1,String,group_name2,1
PT,2017,VDO_DESCRI,String,group_name,1
DK,2018,AFGKODE,Real,original_code,1
DK,2018,AFGROEDE,String,original_name,1
DE4,2018,AKTIV_CODE,Integer,,0
DE4,2018,AKTIV_NAME,String,,0
BE2,2018,ALVID,Integer64,,0
IE,2018,ANC_IND,String,,0
ITI1,2018,Anno,Integer64,,0
ITI1,2018,AnnoImpian,Integer64,,0
DE4,2018,ANSAATJAHR,Integer,,0
DE4,2018,ANTRAGJAHR,Integer,,0
IE,2018,APP_HERD,String,,0
ITI1,2018,area,Integer64,off_area,1
ITI1,2018,Beneficiar,Integer64,,0
DE4,2018,BIND_CODE,String,,0
DE4,2018,BIND_NAME,String,,0
DE4,2018,BIND_ZUSAT,String,,0
IE,2018,BOVIN_NITR,Real,,0
IE,2018,BOVIN_PHOS,Real,,0
PT,2018,C1,String,original_name,1
PT,2018,C2,String,,0
PT,2018,C3,String,,0
PT,2018,C4,String,,0
PT,2018,C5,String,,0
PT,2018,C6,String,,0
PT,2018,C7,String,,0
PT,2018,C8,String,,0
PT,2018,C9,String,,0
BE3,2018,CAMPAGNE,String,,0
ES51,2018,Campanya,Integer,,0
NL,2018,CAT_GEWASCATEGORIE, String ,group_code,1
IE,2018,CLAIM_AREA,Real,,0
ITI1,2018,CodColtiva,Integer64,,0
ITI1,2018,CodDestina,String,,0
DE4,2018,CODE,String,original_code,1
DE4,2018,CODE_BEZ,String,original_name,1
FR,2018,CODE_CULTU,String,original_code,1
FR,2018,CODE_GROUP,String,group_code,1
ITI1,2018,CodQualita,String,,0
ITI1,2018,CodUso,String,,0
ITI1,2018,ColturaPri,Integer64,,0
IE,2018,COM_DEN,Integer64,,0
IE,2018,COM_IND,String,,0
IE,2018,COM_NUM,Integer64,,0
ES51,2018,Comarca,String,,0
ITI1,2018,comune,String,,0
IE,2018,CROP_DESC,String,original_name,1
BE3,2018,CULT_COD,String,original_code,1
BE3,2018,CULT_NOM,String,original_name,1
ES51,2018,Cultiu,String,original_name,1
FR,2018,CULTURE_D1,String,,0
FR,2018,CULTURE_D2,String,,0
IE,2018,CUST_ID,Real,,0
IE,2018,CUST_NIT_A,Real,,0
IE,2018,CUST_NPH,String,,0
DK,2018,CVR,String,,0
ITI1,2018,DataFineOc,String,,0
ITI1,2018,DataImpian,String,,0
ITI1,2018,DataInizio,String,,0
IE,2018,DEROGATION,Real,,0
ITI1,2018,DescColtiv,String,,0
ITI1,2018,destinazio,String,,0
IE,2018,DIGIT_AREA,Real,off_area,1
IE,2018,EFA_SEC_CR,String,,0
IE,2018,ESPG_IND,String,,0
IE,2018,EXP_NITRAT,Real,,0
IE,2018,EXP_PHOSPH,Real,,0
IE,2018,EXTRCT_DAT,String,,0
IE,2018,FAD,Real,,0
IE,2018,FAD_REASON,String,,0
AT,2018,FART_ID,Real,,0
AT,2018,FS_KENNUNG,Real,off_id,1
DK,2018,GB,Real,,0
DK,2018,GBANMELDT,Integer64,,0
AT,2018,GEO_ID,Real,,0
AT,2018,GEO_PART_KEY,Real,,0
AT,2018,GEO_TYPE,String,,0
NL,2018,GEOMETRIE_Area, Real ,,0
NL,2018,GEOMETRIE_Length, Real ,,0
BE2,2018,GEWASGROEP,String,group_name,1
IE,2018,GLAS_IND,String,,0
AT,2018,GML_GEOM,Binary,,0
AT,2018,GML_ID,String,,0
AT,2018,GML_IDENTIFIER,String,,0
AT,2018,GML_LENGTH,Real,,0
DE4,2018,GROESSE,Real,off_area,1
BE3,2018,GROUPE_CUL,String,group_name,1
ES51,2018,Grup,String,group_name,1
DE4,2018,GUELT_BIS,String,,0
DE4,2018,GUELT_VON,String,,0
NL,2018,GWS_GEWAS, String ,original_name,1
NL,2018,GWS_GEWASCODE, String ,original_code,1
ES51,2018,HA,Real,off_area,1
IE,2018,HERD_NO,String,,0
DE4,2018,HERKUNFT,String,,0
BE2,2018,HFDTLT,String,original_code,1
DE4,2018,ID,Integer,off_id,1
DK,2018,ID,Integer64,off_id,1
ES51,2018,ID_MUN,String,off_id,1
FR,2018,ID_PARCEL,String,off_id,1
ITI1,2018,IDCatastal,String,,0
ITI1,2018,IdEpocaDiS,Integer64,,0
ITI1,2018,IDFormaAll,Integer64,,0
ITI1,2018,IdPotenzia,Integer64,,0
ITI1,2018,IdRotazion,Integer64,,0
ITI1,2018,IDSpecie,Integer64,original_code,1
ITI1,2018,IdTipoIrri,Integer64,,0
ITI1,2018,IdTipoMa_1,Integer64,,0
ITI1,2018,IdTipoMant,Integer64,,0
ITI1,2018,IdTipoProt,Integer64,,0
ITI1,2018,IdTipoSemi,Integer64,,0
ITI1,2018,IDVarieta,Integer64,,0
DK,2018,IMK_AREAL,Real,off_area,1
IE,2018,IMP_NITRAT,Real,,0
IE,2018,IMP_PHOSPH,Real,,0
IE,2018,IND_ACREAG,Real,,0
IE,2018,IND_NPH,Real,,0
AT,2018,INSPIRE_ID,String,,0
ITI1,2018,Irriguo,Integer64,,0
DK,2018,JOURNALNR,String,,0
DE4,2018,LAND,String,,0
FR,2018,layer,String,,0
ITI1,2018,layer,String,,0
PT,2018,layer,String,,0
BE2,2018,LBLHFDTLT,String,original_name,1
BE2,2018,LBLPM,String,,0
BE2,2018,LENGTE,Real,,0
AT,2018,LOG_PKEY,Real,,0
DK,2018,MARKNR,String,,0
IE,2018,MD,Real,,0
IE,2018,MD_REASON,String,,0
IE,2018,MEA,Real,,0
ES51,2018,Municipi,String,,0
EE,2018,niitmise_tuvast_ajavahemik,String,,0
EE,2018,niitmise_tuvastamise_staatus,String,,0
IE,2018,NO_OF_HERD,String,,0
ITI1,2018,NrPiante,Integer64,,0
BE3,2018,OBJECTID,Real,off_id,1
ITI1,2018,objectid,Integer64,off_id,1
BE2,2018,OIDN,Integer64,,0
BE2,2018,OPPERVL,Real,off_area,1
IE,2018,ORG_STATUS,String,,0
PT,2018,OSA_ID,Integer64,off_id,1
DE4,2018,OVF,Integer,,0
DE4,2018,OVF_BEZ,String,,0
PT,2018,PAR_NUM,String,,0
IE,2018,PARC_LAB,String,,0
IE,2018,PARTNER_NO,String,,0
FR,2018,path,String,,0
ITI1,2018,path,String,,0
PT,2018,path,String,,0
EE,2018,pindala_ha,Real,off_area,1
BE2,2018,PM,String,,0
EE,2018,pollu_id,Integer,off_id,1
ITI1,2018,Produttivo,Integer64,,0
ES51,2018,Provincia,String,,0
ITI1,2018,PROVINCIA,String,,0
ITI1,2018,qualita,String,,0
DE4,2018,REF_IDENT,String,,0
IE,2018,RESTRICT_N,String,,0
IE,2018,RESTRICT_P,Real,,0
IE,2018,SCHYEAR,Real,,0
ES51,2018,Seca_Regad,String,,0
ITI1,2018,SestoSuFil,Integer64,,0
ITI1,2018,SestoTraFi,Integer64,,0
DE4,2018,SHAPE_AREA,Real,,0
IE,2018,Shape_Area,Real,,0
DE4,2018,SHAPE_LEN,Real,,0
IE,2018,Shape_Leng,Real,,0
IE,2018,SHEEP_NITR,Real,,0
IE,2018,SHEEP_PHOS,Real,,0
AT,2018,SL_FLAECHE_BRUTTO_HA,Real,off_area,1
AT,2018,SNAR_BEZEICHNUNG,String,original_name,1
AT,2018,SNAR_CODE,String,original_code,1
DE4,2018,SORTE,Integer,,0
DE4,2018,SORTE_BEZ,String,,0
ITI1,2018,specie,String,original_name,1
IE,2018,STOCK_DENS,Real,,0
IE,2018,SUB_DIV,String,,0
BE3,2018,SURF_HA,Real,off_area,1
FR,2018,SURF_PARC,Real,off_area,1
EE,2018,taotleja_nimi,String,,0
EE,2018,taotleja_registrikood,String,,0
EE,2018,taotletud_kultuur,String,original_name,1
EE,2018,taotletud_maakasutus,String,,0
EE,2018,taotletud_toetus,String,,0
EE,2018,taotletud_toetus2,String,,0
EE,2018,taotlusaasta,Integer,,0
DE4,2018,TF_TYP,String,,0
IE,2018,TOT_CUS_AC,Real,,0
IE,2018,TOT_CUST_N,String,,0
IE,2018,TOT_CUST_P,Real,,0
IE,2018,TOT_IND_NI,Real,,0
IE,2018,TOT_IND_PH,Real,,0
BE2,2018,UIDN,Integer64,off_id,1
ITI1,2018,uso,String,,0
ITI1,2018,UTE,Integer64,,0
ITI1,2018,varieta,String,,0
PT,2018,VDO_DESC_1,String,group_name,1
DE4,2018,VERPF_BEGI,String,,0
DK,2019,AFGKODE,Real,original_code,1
DK,2019,AFGROEDE,String,original_name,1
DE4,2019,AKTIV_CODE,Integer,,0
DE4,2019,AKTIV_NAME,String,,0
BE2,2019,ALVID,Integer64,,0
IE,2019,ANC_IND,String,,0
ITI1,2019,Anno,Integer64,,0
ITI1,2019,AnnoImpian,Integer64,,0
DE4,2019,ANSAATJAHR,Integer,,0
DE4,2019,ANTRAGJAHR,Integer,,0
IE,2019,APP_HERD,String,,0
ITI1,2019,area,Integer64,off_area,1
DEA,2019,AREA_HA,Real,off_area,1
ITI1,2019,Beneficiar,Integer64,,0
DE4,2019,BIND_CODE,String,,0
DE4,2019,BIND_NAME,String,,0
DE4,2019,BIND_ZUSAT,String,,0
IE,2019,BOVIN_NITR,Real,,0
IE,2019,BOVIN_PHOS,Real,,0
PT,2019,C1,String,original_name,1
PT,2019,C2,String,,0
PT,2019,C3,String,,0
PT,2019,C4,String,,0
PT,2019,C5,String,,0
PT,2019,C6,String,,0
PT,2019,C7,String,,0
PT,2019,C8,String,,0
PT,2019,C9,String,,0
BE3,2019,CAMPAGNE,String,,0
ES51,2019,Campanya,Integer64,,0
NL,2019,CAT_GEWASCATEGORIE, String ,group_code,1
IE,2019,CLAIM_AREA,Real,,0
ITI1,2019,CodColtiva,Integer64,,0
ITI1,2019,CodDestina,String,,0
DE4,2019,CODE,String,original_code,1
DEA,2019,CODE,Integer,original_code,1
DE4,2019,CODE_BEZ,String,original_name,1
FR,2019,CODE_CULTU,String,original_code,1
FR,2019,CODE_GROUP,String,group_code,1
DEA,2019,CODE_TXT,String,original_name,1
ITI1,2019,CodQualita,String,,0
ITI1,2019,CodUso,String,,0
ITI1,2019,ColturaPri,Integer64,,0
IE,2019,COM_DEN,Integer64,,0
IE,2019,COM_IND,String,,0
IE,2019,COM_NUM,Integer64,,0
ES51,2019,Comarca,String,,0
ITI1,2019,comune,String,,0
IE,2019,CROP_DESC,String,original_name,1
DEA,2019,CROPDIV,String,,0
BE3,2019,CULT_COD,String,original_code,1
BE3,2019,CULT_NOM,String,original_name,1
ES51,2019,Cultiu,String,original_name,1
FR,2019,CULTURE_D1,String,,0
FR,2019,CULTURE_D2,String,,0
IE,2019,CUST_ID,Real,,0
IE,2019,CUST_NIT_A,Real,,0
IE,2019,CUST_NPH,String,,0
DK,2019,CVR,String,,0
DEA,2019,D_PG,String,,0
ITI1,2019,DataFineOc,String,,0
ITI1,2019,DataImpian,String,,0
ITI1,2019,DataInizio,String,,0
IE,2019,DEROGATION,Real,,0
ITI1,2019,DescColtiv,String,,0
ITI1,2019,destinazio,String,,0
IE,2019,DIGIT_AREA,Real,off_area,1
DEA,2019,EFA,String,,0
IE,2019,EFA_SEC_CR,String,,0
DEA,2019,ELER,String,,0
IE,2019,ESPG_IND,String,,0
IE,2019,EXP_NITRAT,Real,,0
IE,2019,EXP_PHOSPH,Real,,0
IE,2019,EXTRCT_DAT,String,,0
IE,2019,FAD,Real,,0
IE,2019,FAD_REASON,String,,0
AT,2019,FART_ID,Real,,0
DEA,2019,FLIK,String,,0
AT,2019,FS_KENNUNG,Real,off_id,1
DK,2019,GB,Real,,0
DK,2019,GBANMELDT,Real,,0
AT,2019,GEO_ID,Real,,0
AT,2019,GEO_PART_KEY,Real,,0
AT,2019,GEO_TYPE,String,,0
NL,2019,GEOMETRIE_Area, Real ,,0
NL,2019,GEOMETRIE_Length, Real ,,0
SI,2019,GERK_PID,Integer,off_id,1
BE2,2019,GEWASGROEP,String,group_name,1
IE,2019,GLAS_IND,String,,0
AT,2019,GML_GEOM,Binary,,0
AT,2019,GML_ID,String,,0
AT,2019,GML_IDENTIFIER,String,,0
AT,2019,GML_LENGTH,Real,,0
DE4,2019,GROESSE,Real,off_area,1
BE3,2019,GROUPE_CUL,String,group_name,1
ES51,2019,Grup,String,group_name,1
DE4,2019,GUELT_BIS,String,,0
DE4,2019,GUELT_VON,String,,0
NL,2019,GWS_GEWAS, String ,original_name,1
NL,2019,GWS_GEWASCODE, String ,original_code,1
ES51,2019,HA,Real,off_area,1
IE,2019,HERD_NO,String,,0
DE4,2019,HERKUNFT,String,,0
BE2,2019,HFDTLT,String,original_code,1
DEA,2019,ID,Integer,off_id,1
DK,2019,ID,Integer64,off_id,1
ES51,2019,ID_MUN,String,off_id,1
FR,2019,ID_PARCEL,String,off_id,1
ITI1,2019,IDCatastal,String,,0
ITI1,2019,IdEpocaDiS,Integer64,,0
ITI1,2019,IDFormaAll,Integer64,,0
ITI1,2019,IdPotenzia,Integer64,,0
ITI1,2019,IdRotazion,Integer64,,0
ITI1,2019,IDSpecie,Integer64,original_code,1
ITI1,2019,IdTipoIrri,Integer64,,0
ITI1,2019,IdTipoMa_1,Integer64,,0
ITI1,2019,IdTipoMant,Integer64,,0
ITI1,2019,IdTipoProt,Integer64,,0
ITI1,2019,IdTipoSemi,Integer64,,0
ITI1,2019,IDVarieta,Integer64,,0
DK,2019,IMK_AREAL,Real,off_area,1
IE,2019,IMP_NITRAT,Real,,0
IE,2019,IMP_PHOSPH,Real,,0
IE,2019,IND_ACREAG,Real,,0
IE,2019,IND_NPH,Real,,0
AT,2019,INSPIRE_ID,String,,0
DEA,2019,INSPIRE_ID,String,,0
ITI1,2019,Irriguo,Integer64,,0
DK,2019,JOURNALNR,String,,0
DE4,2019,LAND,String,,0
FR,2019,layer,String,,0
ITI1,2019,layer,String,,0
PT,2019,layer,String,,0
BE2,2019,LBLHFDTLT,String,original_name,1
BE2,2019,LBLPM,String,,0
BE2,2019,LENGTE,Real,,0
AT,2019,LOG_PKEY,Real,,0
DK,2019,MARKNR,String,,0
IE,2019,MD,Real,,0
IE,2019,MD_REASON,String,,0
IE,2019,MEA,Real,,0
ES51,2019,Municipi,String,,0
EE,2019,niitmise_tuvast_ajavahemik,String,,0
EE,2019,niitmise_tuvastamise_staatus,String,,0
IE,2019,NO_OF_HERD,String,,0
ITI1,2019,NrPiante,Integer64,,0
BE3,2019,OBJECTID,Real,off_id,1
ITI1,2019,objectid,Integer64,off_id,1
PT,2019,OBJECTID,Integer64,,0
BE2,2019,OIDN,Integer64,,0
BE2,2019,OPPERVL,Real,off_area,1
IE,2019,ORG_STATUS,String,,0
PT,2019,OSA_ID,Integer64,off_id,1
DE4,2019,OVF,Integer,,0
DE4,2019,OVF_BEZ,String,,0
PT,2019,PAR_NUM,String,,0
IE,2019,PARC_LAB,String,,0
IE,2019,PARTNER_NO,String,,0
FR,2019,path,String,,0
ITI1,2019,path,String,,0
PT,2019,path,String,,0
EE,2019,pindala_ha,Real,off_area,1
BE2,2019,PM,String,,0
SI,2019,POLJINA_ID,Real,,0
EE,2019,pollu_id,Integer,off_id,1
ITI1,2019,Produttivo,Integer64,,0
ES51,2019,Provincia,String,,0
ITI1,2019,PROVINCIA,String,,0
ITI1,2019,qualita,String,,0
DE4,2019,REF_IDENT,String,,0
IE,2019,RESTRICT_N,String,,0
IE,2019,RESTRICT_P,Real,,0
IE,2019,SCHYEAR,Real,,0
ES51,2019,Seca_Regad,String,,0
ITI1,2019,SestoSuFil,Integer64,,0
ITI1,2019,SestoTraFi,Integer64,,0
DE4,2019,SHAPE_AREA,Real,,0
IE,2019,Shape_Area,Real,,0
DE4,2019,SHAPE_LEN,Real,,0
IE,2019,Shape_Leng,Real,,0
IE,2019,SHEEP_NITR,Real,,0
IE,2019,SHEEP_PHOS,Real,,0
SI,2019,SIFRA_KMRS,String,original_code,1
AT,2019,SL_FLAECHE_BRUTTO_HA,Real,off_area,1
AT,2019,SNAR_BEZEICHNUNG,String,original_name,1
AT,2019,SNAR_CODE,String,original_code,1
DE4,2019,SORTE,Integer,,0
DE4,2019,SORTE_BEZ,String,,0
ITI1,2019,specie,String,original_name,1
IE,2019,STOCK_DENS,Real,,0
IE,2019,SUB_DIV,String,,0
BE3,2019,SURF_HA,Real,off_area,1
FR,2019,SURF_PARC,Real,off_area,1
EE,2019,taotleja_nimi,String,,0
EE,2019,taotleja_registrikood,String,,0
EE,2019,taotletud_kultuur,String,original_name,1
EE,2019,taotletud_maakasutus,String,,0
EE,2019,taotletud_toetus,String,,0
EE,2019,taotletud_toetus2,String,,0
EE,2019,taotlusaasta,Integer,,0
DE4,2019,TF_TYP,String,,0
IE,2019,TOT_CUS_AC,Real,,0
IE,2019,TOT_CUST_N,String,,0
IE,2019,TOT_CUST_P,Real,,0
IE,2019,TOT_IND_NI,Real,,0
IE,2019,TOT_IND_PH,Real,,0
BE2,2019,UIDN,Integer64,off_id,1
DEA,2019,USE_CODE,String,,0
DEA,2019,USE_TXT,String,,0
ITI1,2019,uso,String,,0
ITI1,2019,UTE,Integer64,,0
ITI1,2019,varieta,String,,0
PT,2019,VDO_DESC_1,String,group_name2,1
PT,2019,VDO_DESCRI,String,group_name,1
DE4,2019,VERPF_BEGI,String,,0
DEA,2019,WJ,Integer,,0
DK,2020,Afgkode,Integer,original_code,1
DK,2020,Afgroede,String,original_name,1
DE4,2020,aktiv_code,Integer64,,0
DE4,2020,aktiv_name,String,,0
BE2,2020,ALVID,Integer64,,0
IE,2020,ANC_IND,String,,0
ITI1,2020,Anno,String,,0
ITI1,2020,AnnoImpian,String,,0
DE4,2020,ansaatjahr,Integer64,,0
DE4,2020,antragjahr,Integer,,0
IE,2020,APP_HERD,String,,0
ITI1,2020,area,Integer64,off_area,1
SI,2020,AREA,Real,off_area,1
DEA,2020,AREA_HA,Real,off_area,1
ITI1,2020,Beneficiar,String,,0
DE4,2020,bind_code,String,,0
DE4,2020,bind_name,String,,0
DE4,2020,bind_zusat,String,,0
IE,2020,BOVIN_NITR,Real,,0
IE,2020,BOVIN_PHOS,Real,,0
BE3,2020,CAMPAGNE,String,,0
ES51,2020,Campanya,Integer64,,0
NL,2020,category,String,group_name,1
IE,2020,CLAIM_AREA,Real,,0
PT,2020,Classe,String,group_name2,1
ITI1,2020,CodColtiva,String,,0
ITI1,2020,CodDestina,String,,0
DE4,2020,code,String,original_code,1
DEA,2020,CODE,Integer,original_code,1
DE4,2020,code_bez,String,original_name,1
FR,2020,CODE_CULTU,String,original_code,1
FR,2020,CODE_GROUP,String,group_code,1
DEA,2020,CODE_TXT,String,original_name,1
ITI1,2020,CodQualita,String,,0
ITI1,2020,CodUso,String,,0
SI,2020,COLOR,String,,0
ITI1,2020,ColturaPri,String,,0
IE,2020,COM_DEN,Integer64,,0
IE,2020,COM_IND,String,,0
IE,2020,COM_NUM,Integer64,,0
ES51,2020,Comarca,String,,0
ITI1,2020,comune,String,,0
IE,2020,CROP_DESC,String,original_name,1
SI,2020,CROP_LATIN,String,,0
DEA,2020,CROPDIV,String,,0
BE3,2020,CULT_COD,String,original_code,1
BE3,2020,CULT_NOM,String,original_name,1
ES51,2020,Cultiu,String,original_name,1
PT,2020,culturas_2020_C1,String,original_code,1
PT,2020,culturas_2020_C10,String,,0
PT,2020,culturas_2020_C2,String,,0
PT,2020,culturas_2020_C3,String,,0
PT,2020,culturas_2020_C4,String,,0
PT,2020,culturas_2020_C5,String,,0
PT,2020,culturas_2020_C6,String,,0
PT,2020,culturas_2020_C7,String,,0
PT,2020,culturas_2020_C8,String,,0
PT,2020,culturas_2020_C9,String,,0
FR,2020,CULTURE_D1,String,,0
FR,2020,CULTURE_D2,String,,0
IE,2020,CUST_ID,Real,,0
IE,2020,CUST_NIT_A,Real,,0
IE,2020,CUST_NPH,String,,0
DK,2020,CVR,String,,0
DEA,2020,D_PG,String,,0
ITI1,2020,DataFineOc,String,,0
ITI1,2020,DataImpian,String,,0
ITI1,2020,DataInizio,String,,0
IE,2020,DEROGATION,Real,,0
ITI1,2020,DescColtiv,String,,0
ITI1,2020,destinazio,String,,0
IE,2020,DIGIT_AREA,Real,off_area,1
DEA,2020,EFA,String,,0
IE,2020,EFA_SEC_CR,String,,0
DEA,2020,ELER,String,,0
IE,2020,ESPG_IND,String,,0
IE,2020,EXP_NITRAT,Real,,0
IE,2020,EXP_PHOSPH,Real,,0
IE,2020,EXTRCT_DAT,String,,0
IE,2020,FAD,Real,,0
IE,2020,FAD_REASON,String,,0
AT,2020,FART_ID,Real,,0
DEA,2020,FLIK,String,,0
AT,2020,FS_KENNUNG,Real,off_id,1
DK,2020,GB,Integer,,0
DK,2020,GBanmeldt,Real,,0
AT,2020,GEO_ID,Real,,0
AT,2020,GEO_PART_KEY,Real,,0
AT,2020,GEO_TYPE,String,,0
SI,2020,GERK_PID,Real,off_id,1
NL,2020,gewas,String,original_name,1
NL,2020,gewascode,Integer,original_code,1
BE2,2020,GEWASGROEP,String,group_name,1
IE,2020,GLAS_IND,String,,0
AT,2020,GML_GEOM,Binary,,0
AT,2020,GML_ID,String,,0
SK,2020,gml_id,String,,0
AT,2020,GML_IDENTIFIER,String,,0
AT,2020,GML_LENGTH,Real,,0
DE4,2020,groesse,Real,off_area,1
BE3,2020,GROUPE_CUL,String,group_name,1
ES51,2020,Grup,String,group_name,1
DE4,2020,guelt_bis,String,,0
DE4,2020,guelt_von,String,,0
ES51,2020,HA,Real,off_area,1
IE,2020,HERD_NO,String,,0
DE4,2020,herkunft,String,,0
BE2,2020,HFDTLT,String,original_code,1
DEA,2020,ID,Integer,off_id,1
SI,2020,ID,Real,,0
ES51,2020,ID_MUN,String,,0
FR,2020,ID_PARCEL,String,off_id,1
ITI1,2020,IDCatastal,String,,0
ITI1,2020,IdEpocaDiS,String,,0
ITI1,2020,IDFormaAll,String,,0
ITI1,2020,IdPotenzia,String,,0
ITI1,2020,IdRotazion,String,,0
ITI1,2020,IDSpecie,String,original_code,1
ITI1,2020,IdTipoIrri,String,,0
ITI1,2020,IdTipoMa_1,String,,0
ITI1,2020,IdTipoMant,String,,0
ITI1,2020,IdTipoProt,String,,0
ITI1,2020,IdTipoSemi,String,,0
ITI1,2020,IDVarieta,String,,0
DK,2020,IMK_areal,Real,off_area,1
IE,2020,IMP_NITRAT,Real,,0
IE,2020,IMP_PHOSPH,Real,,0
IE,2020,IND_ACREAG,Real,,0
IE,2020,IND_NPH,Real,,0
AT,2020,INSPIRE_ID,String,,0
DEA,2020,INSPIRE_ID,String,,0
ITI1,2020,Irriguo,String,,0
NL,2020,jaar,Integer,,0
DK,2020,Journalnr,String,,0
SK,2020,KODKD,String,off_id,1
SK,2020,KULTURA,String,group_code,1
DE4,2020,land,String,,0
FR,2020,layer,String,,0
ITI1,2020,layer,String,,0
PT,2020,layer,String,,0
BE2,2020,LBLHFDTLT,String,original_name,1
BE2,2020,LBLPM,String,,0
BE2,2020,LENGTE,Real,,0
AT,2020,LOG_PKEY,Real,,0
SK,2020,LOKALITA,String,,0
DK,2020,Markblok,String,,0
DK,2020,Marknr,String,,0
IE,2020,MD,Real,,0
IE,2020,MD_REASON,String,,0
IE,2020,MEA,Real,,0
ES51,2020,Municipi,String,,0
EE,2020,niitmise_tuvast_ajavahemik,String,,0
EE,2020,niitmise_tuvastamise_staatus,String,,0
IE,2020,NO_OF_HERD,String,,0
ITI1,2020,NrPiante,String,,0
BE3,2020,OBJECTID,Real,off_id,1
ES51,2020,OBJECTID,Integer64,off_id,1
ITI1,2020,objectid,String,off_id,1
BE2,2020,OIDN,Integer64,,0
BE2,2020,OPPERVL,Real,off_area,1
IE,2020,ORG_STATUS,String,,0
PT,2020,OSA_ID,String,off_id,1
DE4,2020,ovf,Integer64,,0
DE4,2020,ovf_bez,String,,0
PT,2020,PAR_ID,String,,0
IE,2020,PARC_LAB,String,,0
SK,2020,PARCELA,String,,0
IE,2020,PARTNER_NO,String,,0
FR,2020,path,String,,0
ITI1,2020,path,String,,0
PT,2020,path,String,,0
SK,2020,PCUV,Integer64,,0
EE,2020,pindala_ha,Real,off_area,1
SK,2020,PLODINA,String,original_name,1
BE2,2020,PM,String,,0
EE,2020,pollu_id,Integer,off_id,1
ITI1,2020,Produttivo,String,,0
ES51,2020,Provincia,String,,0
ITI1,2020,PROVINCIA,String,,0
ITI1,2020,qualita,String,,0
SI,2020,RASTLINA,String,original_name,1
DE4,2020,ref_ident,String,,0
IE,2020,RESTRICT_N,String,,0
IE,2020,RESTRICT_P,Real,,0
IE,2020,SCHYEAR,Real,,0
ES51,2020,Seca_Regad,String,,0
ITI1,2020,SestoSuFil,String,,0
ITI1,2020,SestoTraFi,String,,0
ES51,2020,Shape_Area,Real,,0
IE,2020,Shape_Area,Real,,0
SK,2020,Shape_Area,Real,,0
ES51,2020,Shape_Leng,Real,,0
IE,2020,Shape_Leng,Real,,0
SK,2020,Shape_Leng,Real,,0
IE,2020,SHEEP_NITR,Real,,0
IE,2020,SHEEP_PHOS,Real,,0
SI,2020,SIFRA_KMRS,Integer,original_code,1
AT,2020,SL_FLAECHE_BRUTTO_HA,Real,off_area,1
AT,2020,SNAR_BEZEICHNUNG,String,original_name,1
AT,2020,SNAR_CODE,String,original_code,1
DE4,2020,sorte,Integer64,,0
DE4,2020,sorte_bez,String,,0
ITI1,2020,specie,String,original_name,1
DE4,2020,st_area_sh,Real,,0
DE4,2020,st_length_,Real,,0
NL,2020,status,String,,0
IE,2020,STOCK_DENS,Real,,0
IE,2020,SUB_DIV,String,,0
SK,2020,SUBJEKT,String,,0
BE3,2020,SURF_HA,Real,off_area,1
FR,2020,SURF_PARC,Real,off_area,1
EE,2020,taotleja_nimi,String,,0
EE,2020,taotleja_registrikood,String,,0
EE,2020,taotletud_kultuur,String,original_name,1
EE,2020,taotletud_maakasutus,String,,0
EE,2020,taotletud_toetus,String,,0
EE,2020,taotletud_toetus2,String,,0
EE,2020,taotlusaasta,Integer,,0
DE4,2020,tf_typ,String,,0
IE,2020,TOT_CUS_AC,Real,,0
IE,2020,TOT_CUST_N,String,,0
IE,2020,TOT_CUST_P,Real,,0
IE,2020,TOT_IND_NI,Real,,0
IE,2020,TOT_IND_PH,Real,,0
BE2,2020,UIDN,Integer64,off_id,1
DEA,2020,USE_CODE,String,,0
DEA,2020,USE_TXT,String,,0
ITI1,2020,uso,String,,0
ITI1,2020,UTE,String,,0
ITI1,2020,varieta,String,,0
PT,2020,VDO_DESCRI,String,group_name,1
DE4,2020,verpf_begi,String,,0
SK,2020,VYMERA,Real,off_area,1
DEA,2020,WJ,Integer,,0
SK,2020,ZKODKD,String,,0
DK,2021,Afgkode,Integer,original_code,1
DK,2021,Afgroede,String,original_name,1
ES,2021,agregado,Real,,0
DE4,2021,aktiv_code,Integer64,,0
DE4,2021,aktiv_name,String,,0
BE2,2021,ALVID,Integer64,,0
IE,2021,ANC_IND,String,,0
ITI1,2021,Anno,String,,0
ITI1,2021,AnnoImpian,String,,0
DE4,2021,ansaatjahr,Integer64,,0
DE4,2021,antragjahr,Integer,,0
IE,2021,APP_HERD,String,,0
ITI1,2021,area,Integer64,off_area,1
SI,2021,AREA,Real,off_area,1
BE2,2021,area_ha,Real,,0
DEA,2021,AREA_HA,Real,off_area,1
ITI1,2021,Beneficiar,String,,0
DE4,2021,bind_code,String,,0
DE4,2021,bind_name,String,,0
DE4,2021,bind_zusat,String,,0
IE,2021,BOVIN_NITR,Real,,0
IE,2021,BOVIN_PHOS,Real,,0
BE3,2021,CAMPAGNE,String,,0
ES51,2021,Campanya,Integer64,,0
NL,2021,category,String,group_name,1
IE,2021,CLAIM_AREA,Real,,0
ITI1,2021,CodColtiva,String,,0
ITI1,2021,CodDestina,String,,0
DE4,2021,code,String,original_code,1
DEA,2021,CODE,Integer,original_code,1
DE4,2021,code_bez,String,original_name,1
FR,2021,CODE_CULTU,String,original_code,1
FR,2021,CODE_GROUP,String,group_code,1
DEA,2021,CODE_TXT,String,original_name,1
ITI1,2021,CodQualita,String,,0
ITI1,2021,CodUso,String,,0
SI,2021,COLOR,String,,0
ITI1,2021,ColturaPri,String,,0
IE,2021,COM_DEN,Integer64,,0
IE,2021,COM_IND,String,,0
IE,2021,COM_NUM,Integer64,,0
ES51,2021,Comarca,String,,0
ITI1,2021,comune,String,,0
IE,2021,CROP_DESC,String,original_name,1
SI,2021,CROP_LAT_E,String,,0
DEA,2021,CROPDIV,String,,0
BE3,2021,CULT_COD,String,original_code,1
BE3,2021,CULT_NOM,String,original_name,1
ES51,2021,Cultiu,String,original_name,1
PT,2021,Culturas_2021_C1,String,original_code,1
PT,2021,Culturas_2021_C10,String,,0
PT,2021,Culturas_2021_C2,String,,0
PT,2021,Culturas_2021_C3,String,,0
PT,2021,Culturas_2021_C4,String,,0
PT,2021,Culturas_2021_C5,String,,0
PT,2021,Culturas_2021_C6,String,,0
PT,2021,Culturas_2021_C7,String,,0
PT,2021,Culturas_2021_C8,String,,0
PT,2021,Culturas_2021_C9,String,,0
FR,2021,CULTURE_D1,String,,0
FR,2021,CULTURE_D2,String,,0
IE,2021,CUST_ID,Real,,0
IE,2021,CUST_NIT_A,Real,,0
IE,2021,CUST_NPH,String,,0
DK,2021,CVR,String,,0
DEA,2021,D_PG,String,,0
ITI1,2021,DataFineOc,String,,0
ITI1,2021,DataImpian,String,,0
ITI1,2021,DataInizio,String,,0
IE,2021,DEROGATION,Real,,0
ITI1,2021,DescColtiv,String,,0
ITI1,2021,destinazio,String,,0
IE,2021,DIGIT_AREA,Real,off_area,1
ES,2021,dn_oid,Real,off_id,1
ES,2021,dn_perim,Real,,0
ES,2021,dn_surface,Real,off_area,1
DEA,2021,EFA,String,,0
IE,2021,EFA_SEC_CR,String,,0
DEA,2021,ELER,String,,0
IE,2021,ESPG_IND,String,,0
ES,2021,exp_ano,Real,,0
ES,2021,exp_ca,Real,,0
IE,2021,EXP_NITRAT,Real,,0
ES,2021,exp_num,String,,0
IE,2021,EXP_PHOSPH,Real,,0
ES,2021,exp_prov,Real,,0
IE,2021,EXTRCT_DAT,String,,0
IE,2021,FAD,Real,,0
IE,2021,FAD_REASON,String,,0
AT,2021,FART_ID,Real,,0
ES,2021,fid_1,Real,,0
DEA,2021,FLIK,String,,0
AT,2021,FS_KENNUNG,Real,off_id,1
DK,2021,GB,Integer,,0
DK,2021,GBanmeldt,Real,,0
AT,2021,GEO_ID,Real,,0
AT,2021,GEO_PART_KEY,Real,,0
AT,2021,GEO_TYPE,String,,0
SI,2021,GERK_PID,Integer64,off_id,1
NL,2021,gewas,String,original_name,1
NL,2021,gewascode,Integer,original_code,1
BE2,2021,GEWASGROEP,String,,0
IE,2021,GLAS_IND,String,,0
AT,2021,GML_GEOM,Binary,,0
AT,2021,GML_ID,String,,0
AT,2021,GML_IDENTIFIER,String,,0
AT,2021,GML_LENGTH,Real,,0
DE4,2021,groesse,Real,off_area,1
BE3,2021,GROUPE_CUL,String,group_name,1
ES51,2021,Grup,String,group_name,1
DE4,2021,guelt_bis,String,,0
DE4,2021,guelt_von,String,,0
ES51,2021,HA,Real,off_area,1
IE,2021,HERD_NO,String,,0
DE4,2021,herkunft,String,,0
BE2,2021,HFDTLT,String,original_code,1
DEA,2021,ID,Integer,off_id,1
SI,2021,ID,Integer64,,0
FR,2021,ID_PARCEL,String,off_id,1
ITI1,2021,IDCatastal,String,,0
ITI1,2021,IdEpocaDiS,String,,0
ITI1,2021,IDFormaAll,String,,0
ES51,2021,IDMUN,String,off_id,1
ITI1,2021,IdPotenzia,String,,0
ITI1,2021,IdRotazion,String,,0
ITI1,2021,IDSpecie,String,original_code,1
ITI1,2021,IdTipoIrri,String,,0
ITI1,2021,IdTipoMa_1,String,,0
ITI1,2021,IdTipoMant,String,,0
ITI1,2021,IdTipoProt,String,,0
ITI1,2021,IdTipoSemi,String,,0
ITI1,2021,IDVarieta,String,,0
DK,2021,IMK_areal,Real,off_area,1
IE,2021,IMP_NITRAT,Real,,0
IE,2021,IMP_PHOSPH,Real,,0
IE,2021,IND_ACREAG,Real,,0
IE,2021,IND_NPH,Real,,0
AT,2021,INSPIRE_ID,String,,0
DEA,2021,INSPIRE_ID,String,,0
ITI1,2021,Irriguo,String,,0
NL,2021,jaar,Integer,,0
DK,2021,Journalnr,String,,0
SK,2021,KODKD,String,off_id,1
SK,2021,KULTURA_NA,String,group_code,1
SK,2021,KULTURA_SK,String,,0
DE4,2021,land,String,,0
ITI1,2021,layer,String,,0
PT,2021,layer,String,,0
BE2,2021,LBLHFDTLT,String,,0
BE2,2021,LBLPM,String,,0
ES,2021,ld_recinto,Real,,0
BE2,2021,LENGTE,Real,,0
AT,2021,LOG_PKEY,Real,,0
SK,2021,LPIS_LOKAL,String,,0
DK,2021,Markblok,String,,0
DK,2021,Marknr,String,,0
IE,2021,MD,Real,,0
IE,2021,MD_REASON,String,,0
IE,2021,MEA,Real,,0
ES51,2021,Municipi,String,,0
ES,2021,municipio,Real,,0
EE,2021,niitmise_tuvast_ajavahemik,String,,0
EE,2021,niitmise_tuvastamise_staatus,String,,0
IE,2021,NO_OF_HERD,String,,0
ITI1,2021,NrPiante,String,,0
BE3,2021,OBJECTID,Real,off_id,1
ES,2021,OBJECTID,Integer64,,0
ITI1,2021,objectid,String,off_id,1
BE2,2021,OIDN,Integer64,,0
BE2,2021,OPPERVL,Real,off_area,1
IE,2021,ORG_STATUS,String,,0
PT,2021,OSA_ID,String,off_id,1
DE4,2021,ovf,Integer64,,0
DE4,2021,ovf_bez,String,,0
ES,2021,par_ayusol,String,,0
PT,2021,PAR_ID,String,,0
ES,2021,par_produc,Real,original_code,1
ES,2021,par_sie,String,,0
ES,2021,par_sisexp,String,,0
ES,2021,par_supcul,Real,,0
IE,2021,PARC_LAB,String,,0
ES,2021,parcela,Real,,0
SK,2021,PARCELA,String,,0
IE,2021,PARTNER_NO,String,,0
ITI1,2021,path,String,,0
PT,2021,path,String,,0
SK,2021,PCUV,Integer64,,0
ES,2021,pdr_rec,String,,0
EE,2021,pindala_ha,Real,off_area,1
SK,2021,PLODINA,String,original_name,1
BE2,2021,PM,String,,0
ES,2021,poligono,Real,,0
EE,2021,pollu_id,Integer,off_id,1
ES51,2021,Producte2n,String,,0
ITI1,2021,Produttivo,String,,0
ES,2021,provincia,Real,,0
ES51,2021,Provincia,String,,0
ITI1,2021,PROVINCIA,String,,0
ITI1,2021,qualita,String,,0
SI,2021,RASTLINA,String,original_name,1
ES,2021,recinto,Real,,0
DE4,2021,ref_ident,String,,0
IE,2021,RESTRICT_N,String,,0
IE,2021,RESTRICT_P,Real,,0
IE,2021,SCHYEAR,Real,,0
ES51,2021,Seca_Regad,String,,0
ITI1,2021,SestoSuFil,String,,0
ITI1,2021,SestoTraFi,String,,0
ES,2021,Shape_Area,Real,,0
ES51,2021,Shape_Area,Real,,0
IE,2021,Shape_Area,Real,,0
SK,2021,Shape_Area,Real,,0
ES51,2021,Shape_Leng,Real,,0
IE,2021,Shape_Leng,Real,,0
SK,2021,Shape_Leng,Real,,0
ES,2021,Shape_Length,Real,,0
IE,2021,SHEEP_NITR,Real,,0
IE,2021,SHEEP_PHOS,Real,,0
SI,2021,SIFRA_KMRS,String,original_code,1
ES51,2021,Sist_Regad,String,,0
AT,2021,SL_FLAECHE_BRUTTO_HA,Real,off_area,1
AT,2021,SNAR_BEZEICHNUNG,String,original_name,1
AT,2021,SNAR_CODE,String,original_code,1
DE4,2021,sorte,Integer64,,0
DE4,2021,sorte_bez,String,,0
ITI1,2021,specie,String,original_name,1
DE4,2021,st_area_sh,Real,,0
DE4,2021,st_length_,Real,,0
NL,2021,status,String,,0
IE,2021,STOCK_DENS,Real,,0
IE,2021,SUB_DIV,String,,0
SK,2021,SUBJEKT,String,,0
BE3,2021,SURF_HA,Real,off_area,1
FR,2021,SURF_PARC,Real,off_area,1
EE,2021,taotleja_nimi,String,,0
EE,2021,taotleja_registrikood,String,,0
EE,2021,taotletud_kultuur,String,original_name,1
EE,2021,taotletud_maakasutus,String,,0
EE,2021,taotletud_toetus,String,,0
EE,2021,taotletud_toetus2,String,,0
EE,2021,taotlusaasta,Integer,,0
DE4,2021,tf_typ,String,,0
IE,2021,TOT_CUS_AC,Real,,0
IE,2021,TOT_CUST_N,String,,0
IE,2021,TOT_CUST_P,Real,,0
IE,2021,TOT_IND_NI,Real,,0
IE,2021,TOT_IND_PH,Real,,0
BE2,2021,UIDN,Integer64,off_id,1
DEA,2021,USE_CODE,String,,0
DEA,2021,USE_TXT,String,,0
ITI1,2021,uso,String,,0
ITI1,2021,UTE,String,,0
ITI1,2021,varieta,String,,0
ES51,2021,Varietat,String,,0
PT,2021,VDO_DESCRI,String,group_name,1
DE4,2021,verpf_begi,String,,0
SK,2021,VYMERA,Real,off_area,1
DEA,2021,WJ,Integer,,0
SK,2021,ZKODKD,String,,0
ES,2021,zona,Real,,0
DK,2022,Afgkode,Integer,original_code,1
DK,2022,Afgroede,String,original_name,1
ES,2022,agregado,Integer,,0
DE4,2022,aktiv_code,Integer,,0
DE4,2022,aktiv_name,String,,0
BE2,2022,ALVID,Integer64,,0
IE,2022,ANC_IND,String,,0
ITI1,2022,Anno,Integer64,,0
ITI1,2022,AnnoImpian,Integer64,,0
DE4,2022,ansaatjahr,Integer,,0
DE4,2022,antragjahr,Integer,,0
IE,2022,APP_HERD,String,,0
ITI1,2022,area,Integer64,off_area,1
SI,2022,AREA,Real,off_area,1
DEA,2022,AREA_HA,Real,off_area,1
ITI1,2022,Beneficiar,Integer64,,0
DE4,2022,bind_code,String,,0
DE4,2022,bind_name,String,,0
DE4,2022,bind_zusat,String,,0
IE,2022,BOVIN_NITR,Real,,0
IE,2022,BOVIN_PHOS,Real,,0
PT,2022,C1,String,original_code,1
PT,2022,C10,String,,0
PT,2022,C11,String,,0
PT,2022,C12,String,,0
PT,2022,C2,String,,0
PT,2022,C3,String,,0
PT,2022,C4,String,,0
PT,2022,C5,String,,0
PT,2022,C6,String,,0
PT,2022,C7,String,,0
PT,2022,C8,String,,0
PT,2022,C9,String,,0
BE3,2022,CAMPAGNE,String,,0
ES51,2022,Campanya,Integer64,,0
NL,2022,category,String,group_name,1
IE,2022,CLAIM_AREA,Real,,0
ITI1,2022,CodColtiva,Integer64,,0
ITI1,2022,CodDestina,String,,0
DE4,2022,code,String,original_code,1
DEA,2022,CODE,Integer,original_code,1
DE4,2022,code_bez,String,original_name,1
FR,2022,code_cultu,String,original_code,1
FR,2022,code_group,String,group_code,1
DEA,2022,CODE_TXT,String,original_name,1
ITI1,2022,CodQualita,String,,0
ITI1,2022,CodUso,String,,0
SI,2022,COLOR,String,,0
ITI1,2022,ColturaPri,Integer64,,0
IE,2022,COM_DEN,Integer64,,0
IE,2022,COM_IND,String,,0
IE,2022,COM_NUM,Integer64,,0
ES51,2022,Comarca,String,,0
ITI1,2022,comune,String,,0
IE,2022,CROP_DESC,String,original_name,1
SI,2022,CROP_LAT_E,String,,0
DEA,2022,CROPDIV,String,,0
BE3,2022,CULT_COD,String,original_code,1
BE3,2022,CULT_NOM,String,original_name,1
ES51,2022,Cultiu,String,original_name,1
FR,2022,culture_d1,String,,0
FR,2022,culture_d2,String,,0
IE,2022,CUST_NIT_A,Real,,0
IE,2022,CUST_NPH,Real,,0
DK,2022,CVR,String,,0
DEA,2022,D_PG,String,,0
ITI1,2022,DataFineOc,String,,0
ITI1,2022,DataImpian,String,,0
ITI1,2022,DataInizio,String,,0
IE,2022,DEROGATION,String,,0
ITI1,2022,DescColtiv,String,,0
ITI1,2022,destinazio,String,,0
IE,2022,DIGIT_AREA,Real,off_area,1
ES,2022,dn_oid,Real,off_id,1
ES,2022,dn_perim,Real,,0
ES,2022,dn_surface,Real,off_area,1
DEA,2022,EFA,String,,0
IE,2022,EFA_SEC_CR,String,,0
DEA,2022,ELER,String,,0
IE,2022,ESPG_IND,String,,0
ES,2022,exp_ano,Real,,0
ES,2022,exp_ca,Integer,,0
IE,2022,EXP_NITRAT,Real,,0
ES,2022,exp_num,String,,0
IE,2022,EXP_PHOSPH,Real,,0
ES,2022,exp_prov,Integer,,0
IE,2022,EXTRCT_DAT,String,,0
IE,2022,FAD,Real,,0
IE,2022,FAD_REASON,String,,0
AT,2022,FART_ID,Real,,0
DEA,2022,FLIK,String,,0
AT,2022,FS_KENNUNG,Real,off_id,1
DK,2022,GB,Integer,,0
DK,2022,GBanmeldt,Real,,0
AT,2022,GEO_ID,Real,,0
AT,2022,GEO_PART_KEY,Real,,0
AT,2022,GEO_TYPE,String,,0
SI,2022,GERK_PID,Integer64,off_id,1
NL,2022,gewas,String,original_name,1
NL,2022,gewascode,Integer,original_code,1
BE2,2022,GEWASGROEP,String,group_name,1
IE,2022,GLAS_IND,String,,0
AT,2022,GML_GEOM,Binary,,0
AT,2022,GML_ID,String,,0
AT,2022,GML_IDENTIFIER,String,,0
AT,2022,GML_LENGTH,Real,,0
DE4,2022,groesse,Real,off_area,1
BE3,2022,GROUPE_CUL,String,group_name,1
ES51,2022,Grup,String,group_name,1
DE4,2022,guelt_bis,String,,0
DE4,2022,guelt_von,String,,0
ES51,2022,HA,Real,off_area,1
IE,2022,HERD,String,,0
IE,2022,HERD_NO,String,,0
DE4,2022,herkunft,String,,0
BE2,2022,HFDTLT,String,original_code,1
DEA,2022,ID,Integer,off_id,1
SI,2022,ID,Integer64,,0
FR,2022,id_parcel,String,off_id,1
ITI1,2022,IDCatastal,String,,0
ITI1,2022,IdEpocaDiS,Integer64,,0
ITI1,2022,IDFormaAll,Integer64,,0
ES51,2022,IDMUN,String,off_id,1
ITI1,2022,IdPotenzia,Integer64,,0
ITI1,2022,IdRotazion,Integer64,,0
ITI1,2022,IDSpecie,Integer64,original_code,1
ITI1,2022,IdTipoIrri,Integer64,,0
ITI1,2022,IdTipoMa_1,Integer64,,0
ITI1,2022,IdTipoMant,Integer64,,0
ITI1,2022,IdTipoProt,Integer64,,0
ITI1,2022,IdTipoSemi,Integer64,,0
ITI1,2022,IDVarieta,Integer64,,0
DK,2022,IMK_areal,Real,off_area,1
IE,2022,IMP_NITRAT,Real,,0
IE,2022,IMP_PHOSPH,Real,,0
IE,2022,IND_ACREAG,Real,,0
IE,2022,IND_NPH,Real,,0
AT,2022,INSPIRE_ID,String,,0
DEA,2022,INSPIRE_ID,String,,0
ITI1,2022,Irriguo,Integer64,,0
NL,2022,jaar,Integer,,0
DK,2022,Journalnr,String,,0
SK,2022,KODKD,String,off_id,1
SK,2022,KULTURA_NA,String,group_code,1
SK,2022,KULTURA_SK,String,,0
DE4,2022,land,String,,0
ITI1,2022,layer,String,,0
PT,2022,layer,String,,0
BE2,2022,LBLHFDTLT,String,original_name,1
BE2,2022,LBLPM,String,,0
ES,2022,ld_recinto,Real,,0
BE2,2022,LENGTE,Real,,0
AT,2022,LOG_PKEY,Real,,0
SK,2022,LOKALITA_N,String,,0
DK,2022,Markblok,String,,0
DK,2022,Marknr,String,,0
IE,2022,MD,Real,,0
IE,2022,MD_REASON,String,,0
IE,2022,MEA,Real,,0
ES51,2022,Municipi,String,,0
ES,2022,municipio,Integer,,0
EE,2022,niitmise_tuvast_ajavahemik,String,,0
EE,2022,niitmise_tuvastamise_staatus,String,,0
IE,2022,NO_OF_HERD,String,,0
ITI1,2022,NrPiante,Integer64,,0
BE3,2022,OBJECTID,Real,off_id,1
ES,2022,OBJECTID,Integer64,,0
ITI1,2022,objectid,Integer64,off_id,1
PT,2022,OBJECTID_1,Integer,,0
BE2,2022,OIDN,Integer64,,0
BE2,2022,OPPERVL,Real,off_area,1
IE,2022,ORG_STATUS,String,,0
PT,2022,OSA_ID,Integer,,0
PT,2022,Osa_id_1,Real,off_id,1
DE4,2022,ovf,Integer,,0
DE4,2022,ovf_bez,String,,0
ES,2022,par_ayusol,String,,0
PT,2022,PAR_ID,Real,,0
ES,2022,par_produc,Real,original_code,1
ES,2022,par_sie,String,,0
ES,2022,par_sisexp,String,,0
ES,2022,par_supcul,Real,,0
IE,2022,PARC_LAB,String,,0
ES,2022,parcela,Real,,0
SK,2022,PARCELA,String,,0
IE,2022,PARTNER_NO,String,,0
ITI1,2022,path,String,,0
PT,2022,path,String,,0
SK,2022,PCUV,Integer64,,0
ES,2022,pdr_rec,String,,0
EE,2022,pindala_ha,Real,off_area,1
SK,2022,PLODINA,String,original_name,1
BE2,2022,PM,String,,0
ES,2022,poligono,Integer,,0
EE,2022,pollu_id,Integer,off_id,1
ES51,2022,Producte2n,String,,0
ITI1,2022,Produttivo,Integer64,,0
ES,2022,provincia,Integer,,0
ES51,2022,Provincia,String,,0
ITI1,2022,PROVINCIA,String,,0
ITI1,2022,qualita,String,,0
SI,2022,RASTLINA,String,original_name,1
ES,2022,recinto,Real,,0
DE4,2022,ref_ident,String,,0
IE,2022,RESTRICT_N,Real,,0
IE,2022,RESTRICT_P,Real,,0
IE,2022,ROLE_DESC,String,,0
IE,2022,SCHYEAR,Real,,0
ES51,2022,Seca_Regad,String,,0
ITI1,2022,SestoSuFil,Integer64,,0
ITI1,2022,SestoTraFi,Integer64,,0
ES,2022,Shape_Area,Real,,0
IE,2022,Shape_Area,Real,,0
PT,2022,Shape_Area,Real,,0
SK,2022,Shape_Area,Real,,0
IE,2022,Shape_Leng,Real,,0
SK,2022,Shape_Leng,Real,,0
ES,2022,Shape_Length,Real,,0
PT,2022,Shape_Length,Real,,0
IE,2022,SHEEP_NITR,Real,,0
IE,2022,SHEEP_PHOS,Real,,0
SI,2022,SIFRA_KMRS,String,original_code,1
ES51,2022,Sist_Regad,String,,0
AT,2022,SL_FLAECHE_BRUTTO_HA,Real,off_area,1
AT,2022,SNAR_BEZEICHNUNG,String,original_name,1
AT,2022,SNAR_CODE,String,original_code,1
DE4,2022,sorte,Integer,,0
DE4,2022,sorte_bez,String,,0
ITI1,2022,specie,String,original_name,1
DE4,2022,st_area_sh,Real,,0
DE4,2022,st_length_,Real,,0
NL,2022,status,String,,0
IE,2022,STOCK_DENS,Real,,0
IE,2022,SUB_DIV,String,,0
IE,2022,SUB_TOTAL,String,,0
SK,2022,SUBJEKT,String,,0
BE3,2022,SURF_HA,Real,off_area,1
FR,2022,surf_parc,Real,off_area,1
EE,2022,taotleja_nimi,String,,0
EE,2022,taotleja_registrikood,String,,0
EE,2022,taotletud_kultuur,String,original_name,1
EE,2022,taotletud_maakasutus,String,,0
EE,2022,taotletud_toetus,String,,0
EE,2022,taotletud_toetus2,String,,0
EE,2022,taotlusaasta,Integer,,0
DE4,2022,tf_typ,String,,0
IE,2022,TOT_CUS_AC,Real,,0
IE,2022,TOT_CUST_N,Real,,0
IE,2022,TOT_CUST_P,Real,,0
IE,2022,TOT_IND_NI,Real,,0
IE,2022,TOT_IND_PH,Real,,0
BE2,2022,UIDN,Integer64,off_id,1
DEA,2022,USE_CODE,String,,0
DEA,2022,USE_TXT,String,,0
ITI1,2022,uso,String,,0
ITI1,2022,UTE,Integer64,,0
ITI1,2022,varieta,String,,0
ES51,2022,Varietat,String,,0
PT,2022,VDO_DESCRI,String,group_name,1
PT,2022,VDO_SIGLA,String,,0
DE4,2022,verpf_begi,String,,0
SK,2022,VYMERA,Real,off_area,1
DEA,2022,WJ,Integer,,0
SK,2022,ZKODKD,String,,0
ES,2022,zona,Integer,,0
DK,2023,Afgkode,Integer,original_code,1
DK,2023,Afgroede,String,original_name,1
ES,2023,agregado,Integer,,0
ITI1,2023,Anno,Integer64,,0
ITI1,2023,AnnoImpian,Integer64,,0
DE4,2023,ansaatjahr,Integer,,0
DE4,2023,antragjahr,Integer,,0
ITI1,2023,area,Integer64,off_area,1
SI,2023,AREA,Integer64,off_area,1
DEA,2023,AREA_HA,Real,off_area,1
ITI1,2023,Beneficiar,Integer64,,0
DE4,2023,bind_code,String,,0
DE4,2023,bind_name,String,,0
DE4,2023,bind_zusat,String,,0
ES51,2023,Campanya,Integer64,,0
NL,2023,category,String,group_name,1
ITI1,2023,CodColtiva,Integer64,,0
ITI1,2023,CodDestina,String,,0
DE4,2023,code,String,original_code,1
DEA,2023,CODE,Integer,original_code,1
DE4,2023,code_bez,String,original_name,1
FR,2023,CODE_CULTU,String,original_code,1
FR,2023,CODE_GROUP,String,group_code,1
DEA,2023,CODE_TXT,String,original_name,1
ITI1,2023,CodQualita,String,,0
ITI1,2023,CodUso,String,,0
ITI1,2023,ColturaPri,Integer64,,0
ES51,2023,Comarca,String,,0
ITI1,2023,comune,String,,0
SI,2023,CROP_LAT_E,String,,0
DEA,2023,CROPDIV,String,,0
ES51,2023,Cultiu,String,original_name,1
FR,2023,CULTURE_D1,String,,0
FR,2023,CULTURE_D2,String,,0
DK,2023,CVR,String,,0
DEA,2023,D_PG,String,,0
ITI1,2023,DataFineOc,String,,0
ITI1,2023,DataImpian,String,,0
ITI1,2023,DataInizio,String,,0
ITI1,2023,DescColtiv,String,,0
ITI1,2023,destinazio,String,,0
ES,2023,dn_oid,Real,off_id,1
ES,2023,dn_perim,Real,,0
ES,2023,dn_surface,Real,off_area,1
DEA,2023,EFA,String,,0
DE4,2023,egs_code,Integer,,0
DE4,2023,egs_name,String,,0
DEA,2023,ELER,String,,0
ES,2023,exp_ano,Real,,0
ES,2023,exp_ca,Integer,,0
ES,2023,exp_num,String,,0
ES,2023,exp_prov,Integer,,0
EE,2023,f_id,Integer,,0
AT,2023,FART_ID,Real,,0
DEA,2023,FLIK,String,,0
AT,2023,FS_KENNUNG,Real,off_id,1
DK,2023,GB,Integer,,0
DK,2023,GBanmeldt,Real,,0
AT,2023,GEO_ID,Real,,0
AT,2023,GEO_PART_KEY,Real,,0
AT,2023,GEO_TYPE,String,,0
SI,2023,GERK_PID,Real,off_id,1
NL,2023,gewas,String,original_name,1
NL,2023,gewascode,Integer,original_code,1
DE4,2023,gloez8code,Integer,,0
DE4,2023,gloez8name,String,,0
AT,2023,GML_GEOM,Binary,,0
AT,2023,GML_ID,String,,0
AT,2023,GML_IDENTIFIER,String,,0
AT,2023,GML_LENGTH,Real,,0
DE4,2023,groesse,Real,off_area,1
ES51,2023,Grup,String,group_name,1
DE4,2023,guelt_bis,String,,0
DE4,2023,guelt_von,String,,0
ES51,2023,HA,Real,off_area,1
DE4,2023,herkunft,String,,0
DEA,2023,ID,Integer,off_id,1
SI,2023,ID,Integer64,,0
FR,2023,ID_PARCEL,String,off_id,1
ITI1,2023,IDCatastal,String,,0
ITI1,2023,IdEpocaDiS,Integer64,,0
ITI1,2023,IDFormaAll,Integer64,,0
ES51,2023,IDMUN,String,off_id,1
ITI1,2023,IdPotenzia,Integer64,,0
ITI1,2023,IdRotazion,Integer64,,0
ITI1,2023,IDSpecie,Integer64,original_code,1
ITI1,2023,IdTipoIrri,Integer64,,0
ITI1,2023,IdTipoMa_1,Integer64,,0
ITI1,2023,IdTipoMant,Integer64,,0
ITI1,2023,IdTipoProt,Integer64,,0
ITI1,2023,IdTipoSemi,Integer64,,0
ITI1,2023,IDVarieta,Integer64,,0
DK,2023,IMK_areal,Real,off_area,1
AT,2023,INSPIRE_ID,String,,0
DEA,2023,INSPIRE_ID,String,,0
ITI1,2023,Irriguo,Integer64,,0
NL,2023,jaar,Integer,,0
DK,2023,Journalnr,String,,0
SK,2023,KODKD,String,off_id,1
SK,2023,KULTURA_KO,String,,0
SK,2023,KULTURA_NA,String,group_code,1
AT,2023,KZ_BIO_OEPUL_JN,String,,0
DE4,2023,land,String,,0
FR,2023,layer,String,,0
ITI1,2023,layer,String,,0
ES,2023,ld_recinto,Real,,0
AT,2023,LOG_PKEY,Real,,0
SK,2023,LOKALITA_N,String,,0
DK,2023,Markblok,String,,0
DK,2023,Marknr,String,,0
ES51,2023,Municipi,String,,0
ES,2023,municipio,Integer,,0
EE,2023,niitmise_tuvast_ajavahemik,String,,0
EE,2023,niitmise_tuvastamise_staatus,String,,0
ITI1,2023,NrPiante,Integer64,,0
ES,2023,OBJECTID,Integer64,,0
ITI1,2023,objectid,Integer64,off_id,1
DE4,2023,oekoregel,String,,0
ES,2023,par_ayusol,String,,0
ES,2023,par_produc,Real,original_code,1
ES,2023,par_sie,String,,0
ES,2023,par_sisexp,String,,0
ES,2023,par_supcul,Real,,0
ES,2023,parcela,Real,,0
SK,2023,PARCELA,String,,0
FR,2023,path,String,,0
ITI1,2023,path,String,,0
SK,2023,PCUV,Integer64,,0
ES,2023,pdr_rec,String,,0
EE,2023,pindala_ha,Real,off_area,1
SK,2023,PLODINA_NA,String,original_name,1
ES,2023,poligono,Integer,,0
EE,2023,pollu_id,Integer,off_id,1
ES51,2023,Producte2n,String,,0
ITI1,2023,Produttivo,Integer64,,0
ES,2023,provincia,Integer,,0
ES51,2023,Provincia,String,,0
ITI1,2023,PROVINCIA,String,,0
ITI1,2023,qualita,String,,0
SI,2023,RASTLINA,String,original_name,1
ES,2023,recinto,Real,,0
DE4,2023,ref_ident,String,,0
ES51,2023,Seca_Regad,String,,0
ITI1,2023,SestoSuFil,Integer64,,0
ITI1,2023,SestoTraFi,Integer64,,0
ES,2023,Shape_Area,Real,,0
SK,2023,Shape_Area,Real,,0
SK,2023,Shape_Leng,Real,,0
ES,2023,Shape_Length,Real,,0
SI,2023,SIFRA_KMRS,String,original_code,1
ES51,2023,Sist_Regad,String,,0
AT,2023,SL_FLAECHE_BRUTTO_HA,Real,off_area,1
AT,2023,SNAR_BEZEICHNUNG,String,original_name,1
AT,2023,SNAR_CODE,String,original_code,1
DE4,2023,sorte,Integer,,0
DE4,2023,sorte_bez,String,,0
ITI1,2023,specie,String,original_name,1
DE4,2023,st_area_sh,Real,,0
DE4,2023,st_length_,Real,,0
NL,2023,status,String,,0
SK,2023,SUBJEKT_NA,String,,0
FR,2023,SURF_PARC,Real,off_area,1
EE,2023,taotleja_nimi,String,,0
EE,2023,taotleja_registrikood,String,,0
EE,2023,taotletud_kultuur,String,original_name,1
EE,2023,taotletud_maakasutus,String,,0
EE,2023,taotletud_toetus,String,,0
EE,2023,taotletud_toetus2,String,,0
EE,2023,taotlusaasta,Integer,,0
DE4,2023,tf_typ,String,,0
DEA,2023,USE_CODE,String,,0
DEA,2023,USE_TXT,String,,0
ITI1,2023,uso,String,,0
ITI1,2023,UTE,Integer64,,0
ITI1,2023,varieta,String,,0
ES51,2023,Varietat,String,,0
DE4,2023,verpf_begi,String,,0
SK,2023,VYMERA,Real,off_area,1
DEA,2023,WJ,Integer,,0
SK,2023,ZKODKD,String,,0
ES,2023,zona,Integer,,0
FI,2020,VUOSI,Integer,,0
FI,2020,PERUSLOHKOTUNNUS,String,,0
FI,2020,LOHKONUMERO,Integer,,0
FI,2020,PINTA_ALA,Real,off_area,1
FI,2020,KASVIKOODI,String,original_code,1
FI,2020,KASVIKOODI_SELITE_FI,String,original_name,1
FI,2020,KASVIKOODI_SELITE_SV,String,,0
FI,2021,VUOSI,Integer,,0
FI,2021,PERUSLOHKOTUNNUS,String,,0
FI,2021,LOHKONUMERO,Integer,,0
FI,2021,PINTA_ALA,Real,off_area,1
FI,2021,KASVIKOODI,String,original_code,1
FI,2021,KASVIKOODI_SELITE_FI,String,original_name,1
FI,2021,KASVIKOODI_SELITE_SV,String,,0
FI,2022,VUOSI,Integer,,0
FI,2022,PERUSLOHKOTUNNUS,String,,0
FI,2022,LOHKONUMERO,Integer,,0
FI,2022,PINTA_ALA,Real,off_area,1
FI,2022,KASVIKOODI,String,original_code,1
FI,2022,KASVIKOODI_SELITE_FI,String,original_name,1
FI,2022,KASVIKOODI_SELITE_SV,String,,0
FI,2023,VUOSI,Integer,,0
FI,2023,PERUSLOHKOTUNNUS,String,,0
FI,2023,LOHKONUMERO,Integer,,0
FI,2023,PINTA_ALA,Real,off_area,1
FI,2023,KASVIKOODI,String,original_code,1
FI,2023,KASVIKOODI_SELITE_FI,String,original_name,1
FI,2023,KASVIKOODI_SELITE_SV,String,,0
BE2,2023,GEWASGROEP,String,group_name,1
BE2,2023,HFDTLT,String,original_code,1
BE2,2023,LBLHFDTLT,String,original_name,1
BE2,2023,OPPERVL,Real,off_area,1
BE2,2023,UIDN,Integer64,off_id,1
BE3,2023,CAMPAGNE,String,,0
BE3,2023,CULT_COD,String,original_code,1
BE3,2023,CULT_NOM,String,original_name,1
BE3,2023,GROUPE_CUL,String,group_name,1
BE3,2023,OBJECTID,Real,off_id,1
BE3,2023,SURF_HA,Real,off_area,1
IE,2023,CROP,String,original_name,1
IE,2023,CLAIM_AREA,Real,off_area,1
CZ,2021,ogc_fid,Integer64,,0
CZ,2021,id_uz,Integer64,,0
CZ,2021,entita_id,Integer64,off_id,1
CZ,2021,ctverec,String,,0
CZ,2021,zkod,Integer64,,0
CZ,2021,kultura_zk,String,,0
CZ,2021,vymera,Real,off_area,1
CZ,2021,plodina_id,Integer64,original_code,1
CZ,2021,plodina_na,String,original_name,1
CZ,2021,dekl_vymer,Real,,0
CZ,2022,ogc_fid,Integer64,,0
CZ,2022,id_uz,Integer64,,0
CZ,2022,entita_id,Integer64,off_id,1
CZ,2022,ctverec,String,,0
CZ,2022,zkod,Integer64,,0
CZ,2022,kultura_zk,String,,0
CZ,2022,vymera,Real,off_area,1
CZ,2022,plodina_id,Integer64,original_code,1
CZ,2022,plodina_na,String,original_name,1
CZ,2022,dekl_vymer,Real,,0
CZ,2023,ZAKRES_ID,Integer64,off_id,1
CZ,2023,DEKL_VYM,Real,off_area,1
CZ,2023,PLODINA_ID,Integer64,original_code,1
CZ,2023,PLOD_NAZE,String,original_name,1
BG,2014,ID,Integer64,off_id,1
BG,2014,CALC_AREA,Real,off_area,1
BG,2014,CROP_TYPE_,Integer64,original_code,1
BG,2014,CROP_NAME,String,original_name,1
BG,2015,ID,Integer64,off_id,1
BG,2015,CALC_AREA,Real,off_area,1
BG,2015,CROP_TYPE_,Integer64,original_code,1
BG,2015,CROP_NAME,String,original_name,1
BG,2016,ID,Integer64,off_id,1
BG,2016,CALC_AREA,Real,off_area,1
BG,2016,CROP_TYPE_,Integer64,original_code,1
BG,2016,CROP_NAME,String,original_name,1
BG,2017,ID,Integer64,off_id,1
BG,2017,CALC_AREA,Real,off_area,1
BG,2017,CROP_TYPE_,Integer64,original_code,1
BG,2018,ID,Integer64,off_id,1
BG,2018,CALC_AREA,Real,off_area,1
BG,2018,CROP_TYPE_,Integer64,original_code,1
BG,2018,CROP_NAME,String,original_name,1
BG,2019,ID,Integer64,off_id,1
BG,2019,CALC_AREA,Real,off_area,1
BG,2019,CROP_TYPE_,Integer64,original_code,1
BG,2019,CROP_NAME,String,original_name,1
BG,2020,ID,Integer64,off_id,1
BG,2020,CALC_AREA,Real,off_area,1
BG,2020,CROP_TYPE_,Integer64,original_code,1
BG,2020,CROP_NAME,String,original_name,1
BG,2021,ID,Integer64,off_id,1
BG,2021,CALC_AREA,Real,off_area,1
BG,2021,CROP_TYPE_,Integer64,original_code,1
BG,2021,CROP_NAME,String,original_name,1
BG,2022,ID,Integer64,off_id,1
BG,2022,CALC_AREA,Real,off_area,1
BG,2022,CROP_TYPE_,Integer64,original_code,1
BG,2022,CROP_NAME,String,original_name,1
BG,2023,ID,Integer64,off_id,1
BG,2023,CALC_AREA,Real,off_area,1
BG,2023,CROP_TYPE_,Integer64,original_code,1
BG,2023,CROP_NAME,String,original_name,1
SK,2018,VYMERA_KD,Real,off_area,1
SK,2018,ZKODKD,String,off_id,1
SK,2018,PLODINA,String,original_name,1
SK,2018,KULTURA_NA,String,group_name,1
SK,2019,VYMERA,Real,off_area,1
SK,2019,ZKODKD,String,off_id,1
SK,2019,PLODINY,String,original_name,1
SK,2019,KULTURA_NA,String,group_name,1
PT,2023,OSA_ID,Integer,off_id,1
PT,2023,PUN_CUL_DESC,String,original_name,1
PT,2023,PUN_CUL_COD,Integer,original_code,1
PT,2023,PUN_CUL_ARE_SEG_PIL,Real,off_area,1
